"culture_id";"culture_name";"structure_id";"structure_name";"metacode"
"155";"Soja";"4";"Assolia";"SOJ"
"156";"Blé de force";"4";"Assolia";"BTH"
"157";"Orge de printemps";"4";"Assolia";"ORP"
"158";"Maïs tardif";"4";"Assolia";"MIS"
"159";"Tournesol";"4";"Assolia";"TRN"
"160";"Prairie temporaire";"4";"Assolia";"PTR"
"161";"Colza";"4";"Assolia";"CZH"
"162";"Blé tendre";"4";"Assolia";"BTH"
"163";"Blé dur";"4";"Assolia";"BDH"
"164";"Triticale";"4";"Assolia";"TTH"
"165";"Avoine";"4";"Assolia";"AVH"
"166";"Seigle";"4";"Assolia";"SGH"
"167";"Betterave";"4";"Assolia";"BTN"
"169";"Bourrache printemps";"4";"Assolia";""
"170";"Pois d'hiver";"4";"Assolia";"PHI"
"171";"Sorgho";"4";"Assolia";"SOG"
"196";"Soja";"5";"Albinet nutrition";"SOJ"
"197";"Blé de force";"5";"Albinet nutrition";"BTH"
"198";"Orge";"5";"Albinet nutrition";"ORH"
"199";"Maïs grain";"5";"Albinet nutrition";"MIS"
"200";"Tournesol";"5";"Albinet nutrition";"TRN"
"201";"Luzerne";"5";"Albinet nutrition";"LUZ"
"202";"Colza";"5";"Albinet nutrition";"CZH"
"203";"Blé tendre";"5";"Albinet nutrition";"BTH"
"204";"Blé dur";"5";"Albinet nutrition";"BDH"
"205";"Triticale";"5";"Albinet nutrition";"TTH"
"206";"Avoine";"5";"Albinet nutrition";"AVH"
"207";"Seigle";"5";"Albinet nutrition";"SGH"
"210";"Lin oléagineux";"5";"Albinet nutrition";"LIH"
"211";"Pois";"5";"Albinet nutrition";"PHI"
"212";"Sorgho";"5";"Albinet nutrition";"SOG"
"218";"Autre Assolé";"3";"Arterris";""
"222";"Vide";"3";"Arterris";""
"223";"Tournesol oléique";"3";"Arterris";"TRN"
"224";"Colza";"3";"Arterris";"CZH"
"225";"Blé dur";"3";"Arterris";"BDH"
"226";"Blé tendre";"3";"Arterris";"BTH"
"227";"Orge d'hiver";"3";"Arterris";"ORH"
"228";"Maïs bien irrigué";"3";"Arterris";"MIS"
"229";"Maïs en sec";"3";"Arterris";"MIS"
"230";"Sorgho en sec";"3";"Arterris";"SOG"
"231";"Pois chiche";"3";"Arterris";"PCH"
"232";"Soja irrigué";"3";"Arterris";"SOJ"
"233";"Pois d'hiver";"3";"Arterris";"PHI"
"234";"Blé tendre de force";"3";"Arterris";"BTH"
"235";"Orge de brasserie";"3";"Arterris";"ORH"
"236";"Tournesol classique";"3";"Arterris";"TRN"
"237";"Pois de printemps";"3";"Arterris";"PPR"
"238";"Soja sec";"3";"Arterris";"SOJ"
"242";"Féverole";"4";"Assolia";"FVP"
"244";"Orge d'hiver";"4";"Assolia";"ORH"
"248";"Pois chiche";"4";"Assolia";"PCH"
"251";"Pomme de terre";"4";"Assolia";"PTC"
"254";"Maïs Irrigué";"4";"Assolia";"MIS"
"257";"Soja irrigué";"4";"Assolia";"SOJ"
"282";"Prairie permanente";"4";"Assolia";"PPH"
"314";"Mais ensilage sec";"7";"NatUp";"MIS"
"315";"Sorgho";"7";"NatUp";"SOG"
"317";"Colza sec";"7";"NatUp";"CZH"
"318";"Blé tendre sec";"7";"NatUp";"BTH"
"323";"Betterave";"7";"NatUp";"BTN"
"325";"Pois";"7";"NatUp";"PHI"
"327";"Féverole";"7";"NatUp";"FVL"
"328";"Orge d'hiver";"7";"NatUp";"ORH"
"330";"Pomme de terre consommation";"7";"NatUp";"PTC"
"333";"Prairie Permanente";"7";"NatUp";"PPH"
"335";"Maïs grain sec";"7";"NatUp";"MIS"
"339";"Lin fibre";"7";"NatUp";"LIF"
"341";"Jachère";"7";"NatUp";"JAC"
"346";"Jachère";"3";"Arterris";"JAC"
"347";"Prairie temporaire 1 an";"3";"Arterris";"PTR"
"349";"Maïs moyennement irrigué";"3";"Arterris";"MIS"
"355";"Sorgho irrigué";"3";"Arterris";"SOG"
"357";"Triticale";"3";"Arterris";"TTH"
"358";"Prairie temporaire 2 ans";"3";"Arterris";"PTR"
"359";"Prairie temporaire 3 ans";"3";"Arterris";"PTR"
"365";"Maïs semence Fertile";"3";"Arterris";"MIS"
"368";"Blé dur contrat panzani";"3";"Arterris";"BDH"
"377";"Blé tendre sec";"9";"Groupe Bernard";"BTH"
"379";"Colza sec";"9";"Groupe Bernard";"CZH"
"381";"Maïs ensilage irrigué";"9";"Groupe Bernard";"MIS"
"382";"Maïs grain sec";"9";"Groupe Bernard";"MIS"
"383";"Orge";"9";"Groupe Bernard";"ORH"
"384";"Prairie permanente";"9";"Groupe Bernard";"PPH"
"385";"Prairie temporaire";"9";"Groupe Bernard";"PTR"
"386";"Soja sec";"9";"Groupe Bernard";"SOJ"
"387";"Tournesol";"9";"Groupe Bernard";"TRN"
"388";"Triticale";"9";"Groupe Bernard";"TTH"
"390";"Maïs semence Stérile";"3";"Arterris";"MIS"
"391";"Blé tendre BPC";"3";"Arterris";"BTH"
"415";"Avoine";"3";"Arterris";"AVH"
"422";"Luzerne 1 an";"3";"Arterris";"LUZ"
"423";"Luzerne 2 ans";"3";"Arterris";"LUZ"
"424";"Luzerne 3 ans";"3";"Arterris";"LUZ"
"425";"Ray grass";"3";"Arterris";"PTR"
"426";"Prairie permanente";"3";"Arterris";"PPH"
"427";"Porte graine hiver";"3";"Arterris";"FLA"
"428";"Porte graine Printemps";"3";"Arterris";"FLA"
"433";"Blé tendre";"12";"Centre france";"BTH"
"434";"Colza";"12";"Centre france";"CZH"
"435";"Maïs grain";"12";"Centre france";"MIS"
"437";"Tournesol oléique";"12";"Centre france";"TRN"
"438";"Orge d'hiver";"12";"Centre france";"ORH"
"439";"Triticale";"12";"Centre france";"TTH"
"440";"Feverole";"12";"Centre france";"FVP"
"441";"Pois d'hiver";"12";"Centre france";"PHI"
"442";"Blé dur";"12";"Centre france";"BDH"
"443";"Orge de printemps";"12";"Centre france";"ORP"
"456";"Blé tendre hiver";"13";"Carré";"BTH"
"457";"Orge d'hiver";"13";"Carré";"ORH"
"460";"Orge de printemps";"13";"Carré";"ORP"
"461";"Maïs fourrage";"13";"Carré";"MIS"
"462";"Colza";"13";"Carré";"CZH"
"463";"Maïs grain";"13";"Carré";"MIS"
"464";"Tournesol";"13";"Carré";"TRN"
"465";"Pois de printemps";"13";"Carré";"PPR"
"466";"Feverole";"13";"Carré";"FVP"
"467";"Betterave sucrière";"13";"Carré";"BTN"
"468";"Pomme de terre consommation";"13";"Carré";"PTC"
"469";"Lin textile";"13";"Carré";"LIF"
"472";"Blé tendre";"14";"Comptoir agricole";"BTH"
"473";"Orge d'hiver";"14";"Comptoir agricole";"ORH"
"474";"Orge de printemps";"14";"Comptoir agricole";"ORP"
"475";"Maïs grain";"14";"Comptoir agricole";"MIS"
"476";"Maïs fourrage";"14";"Comptoir agricole";"MIS"
"478";"Pois protéagineux";"14";"Comptoir agricole";"PHI"
"479";"Colza";"14";"Comptoir agricole";"CZH"
"480";"Pomme de terre conso";"14";"Comptoir agricole";"PTC"
"481";"Betterave sucrière";"14";"Comptoir agricole";"BTN"
"487";"Tournesol";"14";"Comptoir agricole";"TRN"
"488";"Soja";"14";"Comptoir agricole";"SOJ"
"492";"Soja semence";"14";"Comptoir agricole";"SOJ"
"493";"Tournesol semence";"14";"Comptoir agricole";"TRN"
"494";"Maïs grain Waxy";"14";"Comptoir agricole";"MIS"
"495";"Maïs grain Cribs";"14";"Comptoir agricole";"MIS"
"496";"Blé dur";"14";"Comptoir agricole";"BDH"
"497";"Avoine";"15";"Modele Bio";"AVH"
"498";"Colza";"15";"Modele Bio";"CZH"
"499";"Maïs";"15";"Modele Bio";"MIS"
"500";"Pois protéagineux";"15";"Modele Bio";"PHI"
"501";"Luzerne";"15";"Modele Bio";"LUZ"
"502";"Lentille";"15";"Modele Bio";"LEC"
"503";"Soja";"15";"Modele Bio";"SOJ"
"504";"Blé tendre";"15";"Modele Bio";"BTH"
"505";"Blé dur";"15";"Modele Bio";"BDH"
"506";"Triticale";"15";"Modele Bio";"TTH"
"507";"Orge d'hiver";"15";"Modele Bio";"ORH"
"508";"Orge de printemps";"15";"Modele Bio";"ORP"
"509";"Feverole";"15";"Modele Bio";"FVL"
"510";"Tournesol";"15";"Modele Bio";"TRN"
"511";"Pois chiche";"15";"Modele Bio";"PCH"
"512";"Betterave sucrière";"12";"Centre france";"BTN"
"513";"Pomme de terre";"12";"Centre france";"PTC"
"514";"Lentille";"12";"Centre france";"LEC"
"515";"Oignon";"12";"Centre france";"OIG"
"516";"Soja";"12";"Centre france";"SOJ"
"522";"Blé dur contrat panzani";"4";"Assolia";"BDH"
"523";"Blé tendre";"16";"Cerfrance adour ";"BTH"
"524";"Maïs grain non irrigué";"16";"Cerfrance adour ";"MIS"
"525";"Colza";"16";"Cerfrance adour ";"CZH"
"526";"Tournesol";"16";"Cerfrance adour ";"TRN"
"527";"Soja";"16";"Cerfrance adour ";"SOJ"
"528";"Pois";"16";"Cerfrance adour ";"PHI"
"529";"Haricot double";"16";"Cerfrance adour ";"PHF"
"530";"Petit pois/haricot";"16";"Cerfrance adour ";"PHF"
"531";"Blé dur";"16";"Cerfrance adour ";"BDH"
"532";"Orge d'hiver";"16";"Cerfrance adour ";"ORH"
"533";"Orge de printemps";"16";"Cerfrance adour ";"ORP"
"534";"Triticale";"16";"Cerfrance adour ";"TTH"
"535";"Maïs grain irrigué";"16";"Cerfrance adour ";"MIS"
"536";"Sorgho";"16";"Cerfrance adour ";"SOG"
"537";"Maïs semence";"16";"Cerfrance adour ";"MIS"
"538";"Avoine";"16";"Cerfrance adour ";"AVH"
"539";"Feverole";"16";"Cerfrance adour ";"FVL"
"540";"Jachère";"14";"Comptoir agricole";"JAC"
"541";"Maïs autoconsommation";"16";"Cerfrance adour ";"MIS"
"546";"Pomme de terre fécule";"13";"Carré";"PTC"
"547";"Soja";"13";"Carré";"SOJ"
"553";"Betterave sucrière NNI";"13";"Carré";"BTN"
"554";"Jachère";"13";"Carré";"JAC"
"555";"Autres cultures";"9";"Groupe Bernard";""
"556";"Autres utilisations";"9";"Groupe Bernard";""
"557";"Bande enherbée";"9";"Groupe Bernard";"BTA"
"559";"Fourrage";"9";"Groupe Bernard";""
"560";"Jachère";"9";"Groupe Bernard";"JAC"
"562";"Méteil grain";"9";"Groupe Bernard";"CPL"
"563";"Sarrasin";"9";"Groupe Bernard";"SRS"
"565";"Avoine";"9";"Groupe Bernard";"AVH"
"566";"Blé dur";"9";"Groupe Bernard";"BDH"
"567";"Blé tendre irrigué";"9";"Groupe Bernard";"BTH"
"569";"Chanvre";"9";"Groupe Bernard";"CHV"
"570";"Colza irrigué";"9";"Groupe Bernard";"CZH"
"571";"Féverole";"9";"Groupe Bernard";"FVL"
"573";"Lentilles";"9";"Groupe Bernard";"LEC"
"575";"Légumes";"9";"Groupe Bernard";""
"576";"Lin";"9";"Groupe Bernard";"LIH"
"577";"Luzerne";"9";"Groupe Bernard";"LUZ"
"578";"Maïs ensilage sec";"9";"Groupe Bernard";"MIS"
"579";"Maïs grain irrigué";"9";"Groupe Bernard";"MIS"
"580";"Maïs semences";"9";"Groupe Bernard";"MIS"
"581";"Pois";"9";"Groupe Bernard";"PHI"
"582";"Seigle";"9";"Groupe Bernard";"SGH"
"583";"Soja irrigué";"9";"Groupe Bernard";"SOJ"
"584";"Sorgho fourrager";"9";"Groupe Bernard";"SOG"
"585";"Sorgho";"9";"Groupe Bernard";"SOG"
"586";"Tournesol semences";"9";"Groupe Bernard";"TRN"
"587";"Pomme de terre";"9";"Groupe Bernard";"PTC"
"588";"Jachère";"19";"PERIG";"JAC"
"589";"Betterave sucrière";"19";"PERIG";"BTN"
"590";"Blé tendre sec";"19";"PERIG";"BTH"
"591";"Colza";"19";"PERIG";"CZH"
"592";"Féverole";"19";"PERIG";"FVL"
"593";"Lin textile";"19";"PERIG";"LIF"
"594";"Maïs fourrage";"19";"PERIG";"MIS"
"595";"Maïs grain";"19";"PERIG";"MIS"
"596";"Orge d'hiver";"19";"PERIG";"ORH"
"597";"Orge de printemps";"19";"PERIG";"ORP"
"598";"POIS DE CONSERVE / HARICOTS";"19";"PERIG";"PHS"
"599";"Pomme de terre conso";"19";"PERIG";"PTC"
"600";"Pomme de terre féculée";"19";"PERIG";"PTC"
"601";"Soja sec";"19";"PERIG";"SOJ"
"602";"Tournesol";"19";"PERIG";"TRN"
"603";"Betterave sucrière NNI";"19";"PERIG";"BTN"
"610";"Pois chiche";"19";"PERIG";"PCH"
"611";"Prairie permanente";"19";"PERIG";"PPH"
"612";"Ray Gras";"19";"PERIG";"PTR"
"613";"Féverole";"3";"Arterris";"FVL"
"614";"Colza semence";"3";"Arterris";"CZH"
"616";"Maïs ensilage irrigué";"7";"NatUp";"MIS"
"617";"Maïs grain irrigué";"7";"NatUp";"MIS"
"618";"Prairie temporaire";"7";"NatUp";"PTR"
"620";"Luzerne";"7";"NatUp";"LUZ"
"622";"Blé dur";"21";"Arterris sud-est";"BDH"
"623";"Blé dur Panzani";"21";"Arterris sud-est";"BDH"
"624";"Blé tendre de force";"21";"Arterris sud-est";"BTH"
"625";"Blé tendre";"21";"Arterris sud-est";"BTH"
"626";"Orge d'hiver";"21";"Arterris sud-est";"ORH"
"627";"Colza";"21";"Arterris sud-est";"CZH"
"628";"Pois chiche";"21";"Arterris sud-est";"PCH"
"629";"Tournesol oléique";"21";"Arterris sud-est";"TRN"
"631";"Maïs TB irrigué";"21";"Arterris sud-est";"MIS"
"632";"Maïs moyennement irrigué";"21";"Arterris sud-est";"MIS"
"633";"Sorgho en sec";"21";"Arterris sud-est";"SOG"
"634";"Sorgho irrigué";"21";"Arterris sud-est";"SOG"
"635";"Soja irrigué";"21";"Arterris sud-est";"SOJ"
"636";"Soja en sec";"21";"Arterris sud-est";"SOJ"
"637";"Riz";"21";"Arterris sud-est";"RIZ"
"642";"Prairie permanente";"14";"Comptoir agricole";"PPH"
"644";"Prairie temporaire";"14";"Comptoir agricole";"PTR"
"646";"Chircorée Witloof";"13";"Carré";"LBF"
"647";"Prairie permanente";"13";"Carré";"PPH"
"648";"Bande tampon";"13";"Carré";"BTA"
"649";"Luzerne";"13";"Carré";"LUZ"
"652";"Betterave sucrière";"22";"Noriap";"BTN"
"654";"Blé tendre hiver";"22";"Noriap";"BTH"
"655";"Colza";"22";"Noriap";"CZH"
"656";"Feverole printemps";"22";"Noriap";"FVL"
"657";"Jachère";"22";"Noriap";"JAC"
"658";"Lin textile";"22";"Noriap";"LIF"
"659";"Maïs fourrage";"22";"Noriap";"MIS"
"660";"Maïs grain";"22";"Noriap";"MIS"
"661";"Orge d'hiver";"22";"Noriap";"ORH"
"662";"Orge de printemps";"22";"Noriap";"ORP"
"663";"Pois de printemps";"22";"Noriap";"PPR"
"664";"Pomme de terre consommation";"22";"Noriap";"PTC"
"665";"Pomme de terre fécule";"22";"Noriap";"PTC"
"666";"Soja";"22";"Noriap";"SOJ"
"667";"Tournesol";"22";"Noriap";"TRN"
"669";"Avoine vêtue";"3";"Arterris";"AVH"
"672";"Blé améliorant Izalco";"3";"Arterris";"BTH"
"678";"Maïs irrigué";"3";"Arterris";"MIS"
"679";"Orge brassicole d'hiver";"3";"Arterris";"ORH"
"680";"Orge brassicole de printemps";"3";"Arterris";"ORP"
"681";"Orge fourragère d'hiver";"3";"Arterris";"ORH"
"683";"Lentilles";"3";"Arterris";"LEC"
"684";"Lin de printemps";"3";"Arterris";"LIP"
"693";"Tournesol";"3";"Arterris";"TRN"
"695";"Seigle";"3";"Arterris";"SGH"
"697";"Sarrasin";"3";"Arterris";"SRS"
"699";"Chicorée Witloof";"22";"Noriap";"LBF"
"701";"Prairie permanente";"22";"Noriap";"PPH"
"702";"Prairie temporaire";"22";"Noriap";"PTR"
"703";"Pois potager alimentaire";"22";"Noriap";"PHF"
"704";"Haricot vert mangetout";"22";"Noriap";"PHF"
"705";"Avoine hiver";"22";"Noriap";"AVH"
"706";"POIS DE CONSERVE / HARICOTS";"22";"Noriap";"PHS"
"708";"Autres cultures";"22";"Noriap";""
"720";"Mélange légumineuse fourrage";"4";"Assolia";"PAG"
"721";"Mélange céréales / prot. grain";"4";"Assolia";"CPL"
"722";"Prairie temporaire pâtur./fauch.";"4";"Assolia";"PTR"
"723";"Trèfle Alexandrie fourrage";"4";"Assolia";"TRE"
"724";"Jachère";"4";"Assolia";"JAC"
"725";"Sorgho moyennement irrigué";"21";"Arterris sud-est";"SOG"
"726";"Avoine";"25";"Hectar";"AVH"
"727";"Betterave";"25";"Hectar";"BTN"
"728";"Blé tendre";"25";"Hectar";"BTH"
"729";"Bourrache printemps";"25";"Hectar";""
"730";"Colza";"25";"Hectar";"CZH"
"731";"Féverole";"25";"Hectar";"FVL"
"732";"Jachère";"25";"Hectar";"JAC"
"733";"Luzerne";"25";"Hectar";"LUZ"
"734";"Maïs";"25";"Hectar";"MIS"
"735";"Mélange céréales / prot. grain";"25";"Hectar";"CPL"
"736";"Mélange légumineuse fourrage";"25";"Hectar";"PAG"
"737";"Orge d'hiver";"25";"Hectar";"ORH"
"738";"Orge de printemps";"25";"Hectar";"ORP"
"739";"Pois chiche";"25";"Hectar";"PCH"
"740";"Pois d'hiver";"25";"Hectar";"PHI"
"741";"Prairie permanente";"25";"Hectar";"PPH"
"742";"Prairie temporaire pâtur./fauch.";"25";"Hectar";"PTR"
"743";"Seigle";"25";"Hectar";"SGH"
"744";"Soja";"25";"Hectar";"SOJ"
"745";"Sorgho";"25";"Hectar";"SOG"
"746";"Tournesol";"25";"Hectar";"TRN"
"747";"Triticale";"25";"Hectar";"TTH"
"748";"Trèfle Alexandrie fourrage";"25";"Hectar";"TRE"
"749";"Vide";"9";"Groupe Bernard";""
"754";"Avoine";"26";"Euralis";"AVH"
"755";"Blé de force";"26";"Euralis";"BTH"
"756";"Blé dur";"26";"Euralis";"BDH"
"758";"Blé tendre";"26";"Euralis";"BTH"
"759";"Colza";"26";"Euralis";"CZH"
"760";"Féverole";"26";"Euralis";"FVL"
"761";"Jachère";"26";"Euralis";"JAC"
"762";"Luzerne";"26";"Euralis";"LUZ"
"763";"Maïs";"26";"Euralis";"MIS"
"764";"Maïs Irrigué";"26";"Euralis";"MIS"
"765";"Orge d'hiver";"26";"Euralis";"ORH"
"766";"Orge de printemps";"26";"Euralis";"ORP"
"767";"Pois chiche";"26";"Euralis";"PCH"
"768";"Pois d'hiver";"26";"Euralis";"PHI"
"769";"Prairie permanente";"26";"Euralis";"PPH"
"770";"Prairie temporaire pâtur./fauch.";"26";"Euralis";"PTR"
"771";"Seigle";"26";"Euralis";"SGH"
"772";"Soja";"26";"Euralis";"SOJ"
"775";"Tournesol";"26";"Euralis";"TRN"
"777";"Maïs doux irrigué";"26";"Euralis";"MID"
"778";"Lentilles";"26";"Euralis";"LEC"
"779";"Haricots secs";"26";"Euralis";"PHS"
"782";"Maïs semences";"4";"Assolia";"MIS"
"783";"Soja irrigué";"26";"Euralis";"SOJ"
"784";"Sorgho";"26";"Euralis";"SOG"
"785";"Triticale";"26";"Euralis";"TTH"
"788";"Triticale";"28";"D2N";"TTH"
"789";"Blé tendre";"28";"D2N";"BTH"
"790";"Colza";"28";"D2N";"CZH"
"791";"Féverole";"28";"D2N";"FVP"
"792";"Jachère";"28";"D2N";"JAC"
"793";"Luzerne";"28";"D2N";"LUZ"
"794";"Maïs ensilage";"28";"D2N";"MIS"
"795";"Maïs grain";"28";"D2N";"MIS"
"796";"Orge d'hiver";"28";"D2N";"ORH"
"797";"Orge de printemps";"28";"D2N";"ORP"
"798";"Pois de printemps";"28";"D2N";"PPR"
"799";"Prairie permanente";"28";"D2N";"PPH"
"800";"Prairie temporaire pâtur./fauch.";"28";"D2N";"PTR"
"801";"Tournesol";"28";"D2N";"TRN"
"802";"Lin textile de printemps";"28";"D2N";"LIF"
"803";"PDT Chair ferme";"28";"D2N";"PTC"
"804";"Avoine d'hiver";"28";"D2N";"AVH"
"805";"Betteraves fourragères";"28";"D2N";"BTN"
"807";"Carottes";"22";"Noriap";"CAR"
"823";"Blé tendre";"29";"Alliance BFC";"BTH"
"824";"Blé améliorant";"29";"Alliance BFC";"BTH"
"825";"Colza";"29";"Alliance BFC";"CZH"
"826";"Féverole";"29";"Alliance BFC";"FVL"
"827";"Lin";"29";"Alliance BFC";"LIH"
"828";"Luzerne";"29";"Alliance BFC";"LUZ"
"829";"Maïs";"29";"Alliance BFC";"MIS"
"830";"Maïs Irrigué";"29";"Alliance BFC";"MIS"
"831";"Moutarde";"29";"Alliance BFC";"MOT"
"832";"Orge de printemps";"29";"Alliance BFC";"ORP"
"833";"Orge d'hiver";"29";"Alliance BFC";"ORH"
"834";"Pois";"29";"Alliance BFC";"PHI"
"835";"Soja";"29";"Alliance BFC";"SOJ"
"836";"Sorgho";"29";"Alliance BFC";"SOG"
"837";"Tournesol";"29";"Alliance BFC";"TRN"
"838";"Triticale";"29";"Alliance BFC";"TTH"
"839";"Jachère";"29";"Alliance BFC";"JAC"
"840";"Prairie permanente";"29";"Alliance BFC";"PPH"
"841";"Prairie temporaire";"29";"Alliance BFC";"PTR"
"843";"Vide";"28";"D2N";""
"844";"Lin textile d'hiver";"28";"D2N";"LIF"
"845";"Blé dur";"30";"Ocealia";"BDH"
"846";"Avoine / seigle / triticale";"30";"Ocealia";"TTH"
"847";"Orge hiver";"30";"Ocealia";"ORH"
"848";"Blé tendre";"30";"Ocealia";"BTH"
"849";"Orge printemps";"30";"Ocealia";"ORP"
"850";"Maïs grain";"30";"Ocealia";"MIS"
"851";"Maïs grain irrigué";"30";"Ocealia";"MIS"
"852";"Lin printemps";"30";"Ocealia";"LIP"
"853";"Lin hiver";"30";"Ocealia";"LIH"
"854";"Colza";"30";"Ocealia";"CZH"
"855";"Pois printemps";"30";"Ocealia";"PPR"
"856";"Lentille / pois chiche";"30";"Ocealia";"LEC"
"857";"Protéagineux hiver";"30";"Ocealia";"PHI"
"858";"Soja";"30";"Ocealia";"SOJ"
"859";"Maïs pop-corn";"30";"Ocealia";"MIS"
"860";"Fourrage maïs / sorgho";"30";"Ocealia";"MIS"
"861";"Autre assolé";"30";"Ocealia";""
"862";"Prairie temporaire";"30";"Ocealia";"PTR"
"863";"Prairie permanente";"30";"Ocealia";"PPH"
"864";"Oeillette";"30";"Ocealia";"OEI"
"865";"Légumineuses fourrage";"30";"Ocealia";"PAG"
"866";"Tournesol";"30";"Ocealia";"TRN"
"867";"Mélange fourrage";"30";"Ocealia";"CPL"
"868";"Mélange grain";"30";"Ocealia";"CPL"
"869";"Jachère";"30";"Ocealia";"JAC"
"872";"Blé dur hiver";"22";"Noriap";"BDH"
"877";"Cameline";"22";"Noriap";"CML"
"878";"Epinards";"22";"Noriap";"EPI"
"881";"Pois prot Hiver";"22";"Noriap";"PHI"
"882";"Flageolet";"22";"Noriap";"PHS"
"884";"Luzerne";"22";"Noriap";"LUZ"
"885";"Triticale";"22";"Noriap";"TTH"
"887";"RG porte graine";"22";"Noriap";"PTR"
"888";"Fétuque porte graine";"22";"Noriap";"FNU"
"893";"Ray grass";"30";"Ocealia";"PTR"
"894";"Maïs ensilage irrigué";"30";"Ocealia";"MIS"
"897";"Luzerne";"4";"Assolia";"LUZ"
"898";"Mais dry";"4";"Assolia";"MIS"
"906";"Autres cultures";"31";"La Flandre - Noriap";""
"907";"Avoine";"31";"La Flandre - Noriap";"AVH"
"908";"Betterave sucrière";"31";"La Flandre - Noriap";"BTN"
"909";"Betterave sucrière NNI";"31";"La Flandre - Noriap";"BTN"
"910";"Blé dur hiver";"31";"La Flandre - Noriap";"BDH"
"911";"Blé tendre hiver";"31";"La Flandre - Noriap";"BTH"
"912";"CIVES";"31";"La Flandre - Noriap";""
"913";"Cameline";"31";"La Flandre - Noriap";"CML"
"914";"Carottes";"31";"La Flandre - Noriap";"CAR"
"915";"Chicorée Witloof";"31";"La Flandre - Noriap";"LBF"
"916";"Colza";"31";"La Flandre - Noriap";"CZH"
"917";"Epinards";"31";"La Flandre - Noriap";"EPI"
"918";"Feverole";"31";"La Flandre - Noriap";"FVL"
"919";"Flageolet";"31";"La Flandre - Noriap";"PHS"
"920";"Fétuque porte graine";"31";"La Flandre - Noriap";"FNU"
"921";"Haricot vert mangetout";"31";"La Flandre - Noriap";"PHF"
"922";"Jachère";"31";"La Flandre - Noriap";"JAC"
"923";"Lin textile";"31";"La Flandre - Noriap";"LIF"
"924";"Lupin";"31";"La Flandre - Noriap";"LDH"
"925";"Luzerne";"31";"La Flandre - Noriap";"LUZ"
"926";"Maïs fourrage";"31";"La Flandre - Noriap";"MIS"
"927";"Maïs grain";"31";"La Flandre - Noriap";"MIS"
"928";"Maïs grain irrigué";"31";"La Flandre - Noriap";"MIS"
"929";"Orge d'hiver";"31";"La Flandre - Noriap";"ORH"
"930";"Orge de printemps";"31";"La Flandre - Noriap";"ORP"
"931";"POIS DE CONSERVE / HARICOTS";"31";"La Flandre - Noriap";"PHS"
"932";"Pois de printemps";"31";"La Flandre - Noriap";"PPR"
"934";"Pois potager alimentaire";"31";"La Flandre - Noriap";"PHF"
"935";"Pois prot Hiver";"31";"La Flandre - Noriap";"PHI"
"936";"Pomme de terre consommation";"31";"La Flandre - Noriap";"PTC"
"937";"Prairie permanente";"31";"La Flandre - Noriap";"PPH"
"938";"Prairie temporaire";"31";"La Flandre - Noriap";"PTR"
"939";"RG porte graine";"31";"La Flandre - Noriap";"PTR"
"940";"Soja";"31";"La Flandre - Noriap";"SOJ"
"941";"Sorgho";"31";"La Flandre - Noriap";"SOG"
"942";"Tournesol";"31";"La Flandre - Noriap";"TRN"
"943";"Triticale";"31";"La Flandre - Noriap";"TTH"
"944";"Autres céréales d'hiver";"31";"La Flandre - Noriap";"CAH"
"945";"Lin oléagineux";"31";"La Flandre - Noriap";"LIH"
"946";"Autres céréales de printemps";"31";"La Flandre - Noriap";"CAG"
"947";"Chou de Bruxelles";"31";"La Flandre - Noriap";"CHU"
"948";"Chou fleur";"31";"La Flandre - Noriap";"CHU"
"949";"Oignon de semis";"31";"La Flandre - Noriap";"OIG"
"952";"Poireau";"31";"La Flandre - Noriap";"POR"
"953";"Oignon de bulbille";"31";"La Flandre - Noriap";"OIG"
"954";"Céleri rave";"31";"La Flandre - Noriap";"CEL"
"955";"Carotte nantaise";"31";"La Flandre - Noriap";"CAR"
"956";"Pomme de terre fecule";"31";"La Flandre - Noriap";"PTC"
"960";"Autres céréales d'hiver";"22";"Noriap";"CAH"
"961";"Autres céréales de printemps";"22";"Noriap";"CAG"
"962";"Lin oléagineux";"22";"Noriap";"LIH"
"973";"Miscanthus";"32";"Cogedis ";"MSW"
"974";"Blé tendre";"32";"Cogedis ";"BTH"
"975";"Colza";"32";"Cogedis ";"CZH"
"976";"Jachère";"32";"Cogedis ";"JAC"
"977";"Maïs ensilage";"32";"Cogedis ";"MIS"
"978";"Luzerne";"32";"Cogedis ";"LUZ"
"979";"Maïs grain sec";"32";"Cogedis ";"MIS"
"980";"Orge hiver";"32";"Cogedis ";"ORH"
"981";"Trefle";"32";"Cogedis ";"TRE"
"982";"Prairie permanente";"32";"Cogedis ";"PPH"
"983";"Prairie temporaire";"32";"Cogedis ";"PTR"
"984";"Betterave fouragère";"32";"Cogedis ";"BTN"
"985";"Triticale";"32";"Cogedis ";"TTH"
"986";"Bandes tampons/enherbées";"32";"Cogedis ";"BTA"
"987";"Surface non exploitée";"32";"Cogedis ";""
"988";"Pomme de terre";"32";"Cogedis ";"PTC"
"989";"Moha fourrage";"32";"Cogedis ";"MOH"
"990";"Autre culture";"32";"Cogedis ";""
"997";"Avoine";"36";"Oxagri";"AVH"
"998";"Blé dur";"36";"Oxagri";"BDH"
"999";"Blé tendre";"36";"Oxagri";"BTH"
"1000";"Colza";"36";"Oxagri";"CZH"
"1001";"Jachère";"36";"Oxagri";"JAC"
"1002";"Lentille / pois chiche";"36";"Oxagri";"LEC"
"1003";"Lin hiver";"36";"Oxagri";"LIH"
"1004";"Maïs ensilage";"36";"Oxagri";"MIS"
"1005";"Maïs grain irrigué";"36";"Oxagri";"MIS"
"1006";"Maïs grain sec";"36";"Oxagri";"MIS"
"1007";"Orge hiver";"36";"Oxagri";"ORH"
"1008";"Orge printemps";"36";"Oxagri";"ORP"
"1009";"Pois d'hiver";"36";"Oxagri";"PHI"
"1010";"Pois printemps";"36";"Oxagri";"PPR"
"1011";"Prairie permanente";"36";"Oxagri";"PPH"
"1012";"Prairie temporaire";"36";"Oxagri";"PTR"
"1013";"Seigle";"36";"Oxagri";"SGH"
"1014";"Soja";"36";"Oxagri";"SOJ"
"1015";"Sorgho";"36";"Oxagri";"SOG"
"1016";"Tournesol";"36";"Oxagri";"TRN"
"1017";"Blé tendre d'hiver";"37";"Terrena Bio";"BTH"
"1018";"Colza";"37";"Terrena Bio";"CZH"
"1019";"Maïs grain";"37";"Terrena Bio";"MIS"
"1020";"Orge d'hiver";"37";"Terrena Bio";"ORH"
"1021";"Orge de printemps";"37";"Terrena Bio";"ORP"
"1022";"Soja";"37";"Terrena Bio";"SOJ"
"1023";"Tournesol";"37";"Terrena Bio";"TRN"
"1024";"Triticale";"37";"Terrena Bio";"TTH"
"1025";"Avoine blanche de printemps";"37";"Terrena Bio";"AVP"
"1026";"Féverole";"37";"Terrena Bio";"FVL"
"1027";"Lupin de printemps";"37";"Terrena Bio";"LDP"
"1028";"Lentille Corail";"37";"Terrena Bio";"LEC"
"1029";"Sarrasin";"37";"Terrena Bio";"SRS"
"1030";"Seigle";"37";"Terrena Bio";"SGH"
"1033";"Prairie permanente";"37";"Terrena Bio";"PPH"
"1034";"Millet";"37";"Terrena Bio";"MLT"
"1035";"Lin de printemps";"37";"Terrena Bio";"LIP"
"1036";"Maïs ensilage";"37";"Terrena Bio";"MIS"
"1037";"test_culture_1";"38";"TEST_DEV_PIERRE";""
"1038";"Triticale";"36";"Oxagri";"TTH"
"1039";"Autre non assolé";"36";"Oxagri";""
"1040";"Autre assolé";"36";"Oxagri";""
"1041";"Jachère";"37";"Terrena Bio";"JAC"
"1044";"Blé de printemps";"32";"Cogedis ";"BTP"
"1045";"Autre assolé";"37";"Terrena Bio";""
"1046";"Luzerne";"36";"Oxagri";"LUZ"
"1047";"RGI Maïs";"36";"Oxagri";"PTR"
"1048";"Autre non assolé";"29";"Alliance BFC";""
"1049";"Autre assolé";"29";"Alliance BFC";""
"1064";"Blé tendre";"35";"Seine Yonne";"BTH"
"1065";"Colza";"35";"Seine Yonne";"CZH"
"1066";"Jachère";"35";"Seine Yonne";"JAC"
"1067";"Maïs ensilage";"35";"Seine Yonne";"MIS"
"1068";"Maïs grain sec";"35";"Seine Yonne";"MIS"
"1069";"Orge hiver";"35";"Seine Yonne";"ORH"
"1070";"Orge SAFE";"35";"Seine Yonne";"ORH"
"1071";"Orge fourragère";"35";"Seine Yonne";"ORH"
"1072";"Pois d'hiver";"35";"Seine Yonne";"PHI"
"1073";"Prairie permanente";"35";"Seine Yonne";"PPH"
"1074";"Prairie temporaire";"35";"Seine Yonne";"PTR"
"1075";"Soja";"35";"Seine Yonne";"SOJ"
"1076";"Tournesol";"35";"Seine Yonne";"TRN"
"1077";"Orge de printemps";"35";"Seine Yonne";"ORP"
"1078";"Colza érucique";"35";"Seine Yonne";"CZH"
"1079";"Blé tendre CRC";"35";"Seine Yonne";"BTH"
"1080";"Blé améliorant";"35";"Seine Yonne";"BTH"
"1081";"Lin";"35";"Seine Yonne";"LIH"
"1084";"Vide";"29";"Alliance BFC";""
"1085";"Bande tampon";"29";"Alliance BFC";"BTA"
"1086";"Avoine";"29";"Alliance BFC";"AVH"
"1087";"Féverole";"36";"Oxagri";"FVL"
"1088";"Méteil";"36";"Oxagri";"CPL"
"1089";"Bande tampon";"36";"Oxagri";"BTA"
"1090";"Vide";"36";"Oxagri";""
"1091";"Luzerne";"35";"Seine Yonne";"LUZ"
"1092";"Blé améliorant CRC";"35";"Seine Yonne";"BTH"
"1100";"Autres non assolé";"22";"Noriap";""
"1106";"Autres cultures";"35";"Seine Yonne";""
"1107";"Bandes tampons";"35";"Seine Yonne";"BTA"
"1108";"Autres céréales d'hiver";"35";"Seine Yonne";"CAH"
"1109";"Vide";"35";"Seine Yonne";""
"1110";"Autres non assolés";"35";"Seine Yonne";""
"1112";"Soja irrigué";"30";"Ocealia";"SOJ"
"1114";"Blé de force";"36";"Oxagri";"BTH"
"1115";"Pois de printemps";"35";"Seine Yonne";"PPR"
"1120";"Blé tendre d'hiver + Féverole";"37";"Terrena Bio";"BTH"
"1121";"Triticale + pois";"37";"Terrena Bio";"TTH"
"1122";"Autre assolé";"35";"Seine Yonne";""
"1128";"Colza";"41";"STRUCTURE TEST NE PAS TOUCHER";"CZH"
"1129";"Blé";"41";"STRUCTURE TEST NE PAS TOUCHER";"BTH"
"1130";"Orge conv";"41";"STRUCTURE TEST NE PAS TOUCHER";"ORH"
"1131";"Maïs ensilage conv";"41";"STRUCTURE TEST NE PAS TOUCHER";"MIS"
"1132";"Luzerne";"41";"STRUCTURE TEST NE PAS TOUCHER";"LUZ"
"1133";"Soja";"41";"STRUCTURE TEST NE PAS TOUCHER";"SOJ"
"1134";"Prairie permanente";"41";"STRUCTURE TEST NE PAS TOUCHER";"PPH"
"1135";"Maïs en sec";"41";"STRUCTURE TEST NE PAS TOUCHER";"MIS"
"1136";"Maïs irrigué";"41";"STRUCTURE TEST NE PAS TOUCHER";"MIS"
"1137";"Pomme de terre";"41";"STRUCTURE TEST NE PAS TOUCHER";"PTC"
"1138";"Féverole";"21";"Arterris sud-est";"FVL"
"1156";"Prairie permanente";"42";"Assolia Direct";"PPH"
"1157";"Jachère";"42";"Assolia Direct";"JAC"
"1158";"Pomme de terre";"42";"Assolia Direct";"PTC"
"1160";"Soja irrigué";"42";"Assolia Direct";"SOJ"
"1161";"Maïs irrigué";"42";"Assolia Direct";"MIS"
"1168";"Autre assolé";"42";"Assolia Direct";""
"1172";"Epeautre";"37";"Terrena Bio";"EPE"
"1173";"Blé améliorant";"37";"Terrena Bio";"BTH"
"1176";"Triticale + Féverole";"37";"Terrena Bio";"TTH"
"1177";"Lentille Verte";"37";"Terrena Bio";"LEC"
"1178";"Lentille + Cameline";"37";"Terrena Bio";"LEC"
"1179";"Lupin + Orge";"37";"Terrena Bio";"LDH"
"1180";"Lupin + Triticale";"37";"Terrena Bio";"LDH"
"1182";"Pois Protéagineux hiver";"37";"Terrena Bio";"PHI"
"1183";"Avoine blanche d'hiver";"37";"Terrena Bio";"AVH"
"1184";"Lupin d'hiver";"37";"Terrena Bio";"LDH"
"1186";"Chia";"37";"Terrena Bio";"CAG"
"1193";"Maïs ensilage irrigué";"37";"Terrena Bio";"MIS"
"1194";"Maïs grain irrigué";"37";"Terrena Bio";"MIS"
"1199";"Soja irrigué";"37";"Terrena Bio";"SOJ"
"1200";"Tournesol irrigué";"37";"Terrena Bio";"TRN"
"1209";"Maïs ensilage Irrigué";"4";"Assolia";"MIS"
"1211";"Maïs tardif ensilage";"4";"Assolia";"MIS"
"1212";"Lin d'hiver";"37";"Terrena Bio";"LIH"
"1213";"Pois Protéagineux printemps";"37";"Terrena Bio";"PPR"
"1227";"Prairie pâturée";"42";"Assolia Direct";"PTR"
"1231";"test_cult_1 copie";"38";"TEST_DEV_PIERRE";""
"1232";"test_cult_1 copie copie";"38";"TEST_DEV_PIERRE";""
"1235";"Prairie temporaire";"37";"Terrena Bio";"PTR"
"1237";"Soja alimentaire";"3";"Arterris";"SOJ"
"1238";"Prairie temporaire";"5";"Albinet nutrition";"PTR"
"1239";"Culture A";"46";"Tests simulation - ne pas toucher";""
"1240";"Culture B";"46";"Tests simulation - ne pas toucher";""
"1241";"Culture C";"46";"Tests simulation - ne pas toucher";""
"1242";"Porte graine hiver";"21";"Arterris sud-est";""
"1243";"Porte graine hiver printemps";"21";"Arterris sud-est";""
"1244";"Culture D";"46";"Tests simulation - ne pas toucher";""
"1245";"Maïs ensilage";"5";"Albinet nutrition";"MIS"
"1246";"RGI Maïs";"5";"Albinet nutrition";"PTR"
"1247";"Méteil";"5";"Albinet nutrition";"CPL"
"1248";"Méteil soja";"5";"Albinet nutrition";"CPL"
"1249";"Méteil sorgho";"5";"Albinet nutrition";"CPL"
"1250";"Méteil tournesol";"5";"Albinet nutrition";"CPL"
"1251";"Prairie temporaire 1an";"5";"Albinet nutrition";"PTR"
"1252";"Maïs grain copie";"5";"Albinet nutrition";"MIS"
"1259";"Vesce, mélilot, jarosse, serradelle";"42";"Assolia Direct";"VES"
"1264";"Jachère";"21";"Arterris sud-est";"JAC"
"1265";"Luzerne 1 an";"21";"Arterris sud-est";"LUZ"
"1266";"Luzerne 2 ans";"21";"Arterris sud-est";"LUZ"
"1267";"Luzerne 3 ans";"21";"Arterris sud-est";"LUZ"
"1268";"Prairie temporaire 1 an";"21";"Arterris sud-est";"PTR"
"1269";"Prairie temporaire 2 ans";"21";"Arterris sud-est";"PTR"
"1270";"Prairie temporaire 3 ans";"21";"Arterris sud-est";"PTR"
"1271";"Prairie permanente";"21";"Arterris sud-est";"PPH"
"1272";"Autre -assolée-";"21";"Arterris sud-est";""
"1273";"Autre";"21";"Arterris sud-est";""
"1274";"Ray grass";"21";"Arterris sud-est";"PTR"
"1275";"Tournesol CI";"4";"Assolia";"TRN"
"1311";"Blé tendre";"47";"Pilote";"BTH"
"1312";"Orge d'hiver";"47";"Pilote";"ORH"
"1313";"Maïs épis";"47";"Pilote";"MIS"
"1314";"Maïs ensilage";"47";"Pilote";"MIS"
"1315";"RGI trèfle  et Maïs CIVE été";"47";"Pilote";"PTR"
"1318";"Epinard hiver";"47";"Pilote";"EPI"
"1319";"Epinard printemps";"47";"Pilote";"EPI"
"1320";"Pois";"47";"Pilote";"PHI"
"1321";"Prairie temporaire";"47";"Pilote";"PTR"
"1322";"CIVE été Colza";"47";"Pilote";"CZH"
"1324";"CIVE été Blé tendre";"47";"Pilote";"BTH"
"1325";"Colza";"47";"Pilote";"CZH"
"1327";"CIVE été Epinard hiver";"47";"Pilote";"EPI"
"1328";"CIVE hiver Epinard printemps";"47";"Pilote";"EPI"
"1329";"CIVE hiver Maïs ensilage";"47";"Pilote";"MIS"
"1330";"CIVE hiver Maïs épis";"47";"Pilote";"MIS"
"1331";"CIVE été Orge d'hiver";"47";"Pilote";"ORH"
"1333";"Avoine d’hiver";"42";"Assolia Direct";"AVH"
"1334";"Avoine de printemps";"42";"Assolia Direct";"AVP"
"1335";"Blé dur d’hiver";"42";"Assolia Direct";"BDH"
"1336";"Blé dur de printemps";"42";"Assolia Direct";"BDP"
"1337";"Blé tendre d’hiver";"42";"Assolia Direct";"BTH"
"1338";"Blé tendre de printemps";"42";"Assolia Direct";"BTP"
"1339";"Epeautre";"42";"Assolia Direct";"EPE"
"1340";"Maïs";"42";"Assolia Direct";"MIS"
"1341";"Orge d’hiver";"42";"Assolia Direct";"ORH"
"1342";"Orge de printemps";"42";"Assolia Direct";"ORP"
"1343";"Sarrasin";"42";"Assolia Direct";"SRS"
"1344";"Seigle d’hiver";"42";"Assolia Direct";"SGH"
"1345";"Seigle de printemps";"42";"Assolia Direct";"SGP"
"1346";"Sorgho";"42";"Assolia Direct";"SOG"
"1347";"Triticale d’hiver";"42";"Assolia Direct";"TTH"
"1348";"Triticale de printemps";"42";"Assolia Direct";"TTP"
"1349";"Colza d’hiver";"42";"Assolia Direct";"CZH"
"1350";"Lin non textile d’hiver";"42";"Assolia Direct";"LIH"
"1351";"Tournesol";"42";"Assolia Direct";"TRN"
"1352";"Féverole d’hiver";"42";"Assolia Direct";"FVL"
"1353";"Féverole de printemps";"42";"Assolia Direct";"FVP"
"1354";"Lentille";"42";"Assolia Direct";"LEC"
"1355";"Lupin doux d’hiver";"42";"Assolia Direct";"LDH"
"1356";"Pois chiche";"42";"Assolia Direct";"PCH"
"1357";"Pois protéagineux d’hiver";"42";"Assolia Direct";"PHI"
"1358";"Pois protéagineux de printemps";"42";"Assolia Direct";"PPR"
"1359";"Luzerne";"42";"Assolia Direct";"LUZ"
"1360";"Soja";"42";"Assolia Direct";"SOJ"
"1361";"Trèfle";"42";"Assolia Direct";"TRE"
"1362";"Prairie temporaire de 5 ans ou moins";"42";"Assolia Direct";"PTR"
"1363";"Jachère terre arable";"42";"Assolia Direct";"JAC"
"1365";"Betterave";"42";"Assolia Direct";"BTN"
"1366";"Lin fibres";"42";"Assolia Direct";"LIF"
"1368";"Jachère";"47";"Pilote";"JAC"
"1369";"Autre assolé";"47";"Pilote";""
"1370";"Prairie permanente";"47";"Pilote";"PPH"
"1371";"Blé tendre semence";"42";"Assolia Direct";"BTH"
"1375";"Maïs doux";"42";"Assolia Direct";"MID"
"1376";"Millet";"42";"Assolia Direct";"MLT"
"1377";"Moha";"42";"Assolia Direct";"MOH"
"1378";"Cameline";"42";"Assolia Direct";"CML"
"1379";"Colza de printemps";"42";"Assolia Direct";"CZP"
"1380";"Lin non textile de printemps";"42";"Assolia Direct";"LIP"
"1381";"Moutarde d’hiver";"42";"Assolia Direct";"MOT"
"1382";"Fenugrec";"42";"Assolia Direct";"FNU"
"1383";"Lupin doux de printemps";"42";"Assolia Direct";"LDP"
"1384";"Pois et haricot secs";"42";"Assolia Direct";"PHS"
"1385";"Pois et haricot frais";"42";"Assolia Direct";"PHF"
"1386";"Sainfoin";"42";"Assolia Direct";"SAI"
"1387";"Chanvre";"42";"Assolia Direct";"CHV"
"1388";"Tabac";"42";"Assolia Direct";"TAB"
"1389";"Ail";"42";"Assolia Direct";"AIL"
"1390";"Carotte";"42";"Assolia Direct";"CAR"
"1391";"Céleri";"42";"Assolia Direct";"CEL"
"1392";"Épinard, oseille et bette";"42";"Assolia Direct";"EPI"
"1393";"Laitue, endive et autres salades";"42";"Assolia Direct";"LBF"
"1394";"Melon et pastèque";"42";"Assolia Direct";"MLO"
"1395";"Navet, rutabaga et autres légumes racines hors carotte, radis, betterave";"42";"Assolia Direct";"NVT"
"1396";"Oignon et échalote";"42";"Assolia Direct";"OIG"
"1397";"Poireau";"42";"Assolia Direct";"POR"
"1398";"Potiron, citrouille et autres courges";"42";"Assolia Direct";"POT"
"1400";"Seigle";"47";"Pilote";"SGH"
"1403";"CIVE été Seigle";"47";"Pilote";"SGH"
"1404";"Méteil";"47";"Pilote";"CPL"
"1405";"CIVE été Méteil";"47";"Pilote";"BTH"
"1407";"Blé dur Semence";"21";"Arterris sud-est";"BDH"
"1408";"Pois chiche prod sem";"21";"Arterris sud-est";"PCH"
"1409";"Colza Semence";"21";"Arterris sud-est";"CZH"
"1410";"Maïs Semence Fertile";"21";"Arterris sud-est";"MIS"
"1411";"Maïs Semence Stérile";"21";"Arterris sud-est";"MIS"
"1412";"Tournesol Semence";"21";"Arterris sud-est";"TRN"
"1413";"Sorgho Semence";"21";"Arterris sud-est";"SOG"
"1414";"Luzerne copie";"4";"Assolia";"LUZ"
"1418";"Autre assolé";"50";"Néolis";""
"1419";"Triticale d'Hiver";"50";"Néolis";"TTH"
"1420";"Blé dur";"50";"Néolis";"BDH"
"1421";"Blé tendre";"50";"Néolis";"BTH"
"1422";"Colza";"50";"Néolis";"CZH"
"1423";"Maïs ensilage";"50";"Néolis";"MIS"
"1424";"Jachère";"50";"Néolis";"JAC"
"1425";"Légumineuses fourrage";"50";"Néolis";"PAG"
"1426";"Pois chiche";"50";"Néolis";"PCH"
"1428";"Maïs ensilage irrigué";"50";"Néolis";"MIS"
"1429";"Maïs grain";"50";"Néolis";"MIS"
"1430";"Maïs grain irrigué";"50";"Néolis";"MIS"
"1432";"Orge hiver";"50";"Néolis";"ORH"
"1433";"Orge printemps";"50";"Néolis";"ORP"
"1434";"Pois protéagineux printemps";"50";"Néolis";"PPR"
"1435";"Prairie permanente";"50";"Néolis";"PPH"
"1436";"Prairie temporaire";"50";"Néolis";"PTR"
"1437";"Pois protéagineux d'hiver";"50";"Néolis";"PHI"
"1438";"Soja";"50";"Néolis";"SOJ"
"1439";"Soja irrigué";"50";"Néolis";"SOJ"
"1440";"Tournesol";"50";"Néolis";"TRN"
"1441";"Sorgho";"50";"Néolis";"SOG"
"1442";"Avoine d'Hiver";"50";"Néolis";"AVH"
"1443";"Féverole d'hiver";"50";"Néolis";"FVL"
"1444";"Féverole de printemps";"50";"Néolis";"FVP"
"1445";"Lupin d'hiver";"50";"Néolis";"LDH"
"1446";"Millet";"50";"Néolis";"MLT"
"1448";"CIVE Hiver Tournesol";"42";"Assolia Direct";"TRN"
"1449";"CIVE Hiver Sorgho";"42";"Assolia Direct";"SOG"
"1450";"Blé améliorant";"42";"Assolia Direct";"BTH"
"1454";"Luzerne";"37";"Terrena Bio";"LUZ"
"1467";"Avoine";"52";"Arterris CIVE";"AVH"
"1469";"Blé dur";"52";"Arterris CIVE";"BDH"
"1471";"Blé tendre";"52";"Arterris CIVE";"BTH"
"1473";"Colza";"52";"Arterris CIVE";"CZH"
"1475";"Maïs en sec";"52";"Arterris CIVE";"MIS"
"1477";"Orge de brasserie";"52";"Arterris CIVE";"ORH"
"1479";"Pois chiche";"52";"Arterris CIVE";"PCH"
"1481";"Pois d'hiver";"52";"Arterris CIVE";"PHI"
"1483";"Pois de printemps";"52";"Arterris CIVE";"PPR"
"1485";"Porte graine hiver";"52";"Arterris CIVE";"FLA"
"1486";"Soja sec";"52";"Arterris CIVE";"SOJ"
"1488";"Sorgho en sec";"52";"Arterris CIVE";"SOG"
"1490";"Tournesol oléique";"52";"Arterris CIVE";"TRN"
"1501";"Sorgho en sec après CIVE hiver";"52";"Arterris CIVE";"SOG"
"1502";"Tournesol oléique aprèsCIVE hiver";"52";"Arterris CIVE";"TRN"
"1503";"Autre assolé";"53";"Eureden";"LUZ"
"1504";"Triticale";"53";"Eureden";"TTH"
"1506";"Blé tendre hiver";"53";"Eureden";"BTH"
"1507";"Colza oléagineux";"53";"Eureden";"CZH"
"1508";"Maïs fourrage";"53";"Eureden";"MIS"
"1513";"Maïs grain";"53";"Eureden";"MIS"
"1515";"Orge hiver";"53";"Eureden";"ORH"
"1516";"Orge printemps";"53";"Eureden";"ORP"
"1517";"Pois de conserve";"53";"Eureden";"PPR"
"1518";"Prairie permanente";"53";"Eureden";"PPH"
"1519";"Prairie temporaire";"53";"Eureden";"PTR"
"1520";"Pois protéagineux";"53";"Eureden";"PHI"
"1521";"Soja";"53";"Eureden";"SOJ"
"1523";"Tournesol";"53";"Eureden";"TRN"
"1524";"Sorgho grain";"53";"Eureden";"SOG"
"1525";"Avoine";"53";"Eureden";"AVH"
"1526";"Féverole hiver";"53";"Eureden";"FVL"
"1527";"Féverole printemps";"53";"Eureden";"FVP"
"1528";"Lupin hiver";"53";"Eureden";"LDH"
"1530";"Autre -assolée-";"52";"Arterris CIVE";""
"1531";"Féverole";"52";"Arterris CIVE";"FVL"
"1532";"Jachère";"52";"Arterris CIVE";"JAC"
"1533";"Luzerne 1 an";"52";"Arterris CIVE";"LUZ"
"1534";"Maïs moyennement irrigué";"52";"Arterris CIVE";"MIS"
"1536";"Maïs semence Fertile";"52";"Arterris CIVE";"MIS"
"1537";"Orge d'hiver";"52";"Arterris CIVE";"ORH"
"1538";"Porte graine Printemps";"52";"Arterris CIVE";"FLA"
"1539";"Prairie permanente";"52";"Arterris CIVE";"PPH"
"1540";"Prairie temporaire 1 an";"52";"Arterris CIVE";"PTR"
"1541";"Soja Irrigué";"52";"Arterris CIVE";"SOJ"
"1542";"Sorgho irrigué";"52";"Arterris CIVE";"SOG"
"1543";"Triticale";"52";"Arterris CIVE";"TTH"
"1544";"Maïs bien irrigué après CIVE hiver";"52";"Arterris CIVE";"MIS"
"1547";"Maïs bien irrigué";"52";"Arterris CIVE";"MIS"
"1548";"Maïs moyennement irrigué après CIVE hiver";"52";"Arterris CIVE";"MIS"
"1551";"Sorgho irrigué après CIVE hiver";"52";"Arterris CIVE";"SOG"
"1554";"Lin fibre hiver";"53";"Eureden";"LIH"
"1555";"Flageolet";"53";"Eureden";"PHS"
"1556";"Sarrasin";"53";"Eureden";"SRS"
"1559";"Betterave fourragère";"53";"Eureden";"BTN"
"1560";"Blé tendre printemps";"53";"Eureden";"BTP"
"1561";"Cameline";"53";"Eureden";"CML"
"1562";"Chanvre";"53";"Eureden";"CHV"
"1563";"Chou-fleur";"53";"Eureden";"CHU"
"1564";"Echalote";"53";"Eureden";"OIG"
"1565";"Epinard";"53";"Eureden";"EPI"
"1567";"Haricot vert";"53";"Eureden";"PHF"
"1568";"Lin fibre printemps";"53";"Eureden";"LIF"
"1569";"Lin oléagineux hiver";"53";"Eureden";"LIH"
"1570";"Lin oléagineux printemps";"53";"Eureden";"LIP"
"1571";"Lupin printemps";"53";"Eureden";"LDP"
"1572";"Oignon";"53";"Eureden";"OIG"
"1573";"Orge brassicole";"53";"Eureden";"ORH"
"1574";"Seigle";"53";"Eureden";"SGH"
"1575";"Sorgho fourrager";"53";"Eureden";"SOG"
"1577";"Carotte jeune";"53";"Eureden";"CAR"
"1578";"Pomme de terre";"53";"Eureden";"PTC"
"1581";"Maïs irrigué CIVE après CIVE hiver";"52";"Arterris CIVE";"MIS"
"1582";"Soja Irrigué après CIVE hiver";"52";"Arterris CIVE";"SOJ"
"1583";"Soja sec après CIVE hiver";"52";"Arterris CIVE";"SOJ"
"1584";"Autre Assolé";"56";"Valotech";""
"1585";"Avoine d'hiver";"56";"Valotech";"AVH"
"1586";"Blé dur d'hiver";"56";"Valotech";"BDH"
"1587";"Blé tendre d'hiver";"56";"Valotech";"BTH"
"1588";"Colza";"56";"Valotech";"CZH"
"1589";"Féverole d'hiver";"56";"Valotech";"FVL"
"1590";"Jachère";"56";"Valotech";"JAC"
"1591";"Maïs";"56";"Valotech";"MIS"
"1592";"Millet";"56";"Valotech";"MLT"
"1593";"Orge d'hiver";"56";"Valotech";"ORH"
"1594";"Pois et haricot frais alimentation humaine";"56";"Valotech";"PHF"
"1595";"Pois protéagineux d'hiver";"56";"Valotech";"PHI"
"1596";"Prairie permanente";"56";"Valotech";"PPH"
"1597";"Prairie temporaire de 5 ans ou moins";"56";"Valotech";"PTR"
"1598";"Seigle d'hiver";"56";"Valotech";"SGH"
"1599";"Soja";"56";"Valotech";"SOJ"
"1600";"Sorgho";"56";"Valotech";"SOG"
"1601";"Tournesol";"56";"Valotech";"TRN"
"1602";"Triticale d'hiver";"56";"Valotech";"TTH"
"1603";"Luzerne";"56";"Valotech";"LUZ"
"1605";"CIVE RG - Maïs ensilage tardif";"56";"Valotech";"MIS"
"1607";"Blé tendre de force";"52";"Arterris CIVE";"BTH"
"1610";"Blé tendre d'hiver";"57";"Chambre d'agriculture 28";"BTH"
"1611";"Blé dur d'hiver";"57";"Chambre d'agriculture 28";"BDH"
"1612";"Luzerne";"57";"Chambre d'agriculture 28";"LUZ"
"1613";"Féverole d'hiver";"57";"Chambre d'agriculture 28";"FVL"
"1614";"Orge d'hiver";"57";"Chambre d'agriculture 28";"ORH"
"1615";"Orge de printemps";"57";"Chambre d'agriculture 28";"ORP"
"1616";"Colza";"57";"Chambre d'agriculture 28";"CZH"
"1617";"Seigle d'hiver";"57";"Chambre d'agriculture 28";"SGH"
"1618";"Sorgho";"57";"Chambre d'agriculture 28";"SOG"
"1620";"Tournesol";"57";"Chambre d'agriculture 28";"TRN"
"1621";"Betterave";"57";"Chambre d'agriculture 28";"BTN"
"1622";"Pomme de terre";"57";"Chambre d'agriculture 28";"PTC"
"1623";"Oignons";"57";"Chambre d'agriculture 28";"OIG"
"1624";"Maïs en sec";"57";"Chambre d'agriculture 28";"MIS"
"1625";"Maïs irrigué";"57";"Chambre d'agriculture 28";"MIS"
"1626";"Pois protéagineux d'hiver";"57";"Chambre d'agriculture 28";"PHI"
"1627";"Lin oléagineux d'hiver";"57";"Chambre d'agriculture 28";"LIH"
"1628";"Lin oléagineux de printemps";"57";"Chambre d'agriculture 28";"LIP"
"1629";"Lupin doux d'hiver";"57";"Chambre d'agriculture 28";"LDH"
"1630";"Jachère";"57";"Chambre d'agriculture 28";"JAC"
"1631";"Ray grass";"57";"Chambre d'agriculture 28";"PTR"
"1632";"Prairie permanente";"57";"Chambre d'agriculture 28";"PPH"
"1633";"Méteil";"57";"Chambre d'agriculture 28";"CPL"
"1634";"Avoine de printemps";"56";"Valotech";"AVP"
"1635";"Blé dur de printemps";"56";"Valotech";"BDP"
"1636";"Blé tendre de printemps";"56";"Valotech";"BTP"
"1637";"Sarrasin";"56";"Valotech";"SRS"
"1638";"Seigle de printemps";"56";"Valotech";"SGP"
"1639";"Triticale de printemps";"56";"Valotech";"TTP"
"1640";"Féverole de printemps";"56";"Valotech";"FVP"
"1641";"Lin oléagineux d'hiver";"56";"Valotech";"LIH"
"1642";"Lin oléagineux de printemps";"56";"Valotech";"LIP"
"1643";"Lupin doux d'hiver";"56";"Valotech";"LDH"
"1644";"Pois protéagineux de printemps";"56";"Valotech";"PPR"
"1645";"Trèfle";"56";"Valotech";"TRE"
"1646";"Orge de printemps";"56";"Valotech";"ORP"
"1647";"Lupin doux de printemps";"56";"Valotech";"LDP"
"1648";"Pois et haricot secs alimentation humaine";"56";"Valotech";"PHS"
"1649";"Pomme de terre";"56";"Valotech";"PTC"
"1650";"Betterave";"56";"Valotech";"BTN"
"1651";"Méteil";"42";"Assolia Direct";""
"1653";"Avoine copie";"4";"Assolia";"AVH"
"1656";"Carotte automne";"53";"Eureden";"CAR"
"1657";"Brocoli";"53";"Eureden";"CHU"
"1658";"Navet";"53";"Eureden";"NVT"
"1660";"CIVE";"53";"Eureden";""
"1661";"Mélange gram légumineuse";"53";"Eureden";"MLG"
"1663";"Maïs ensilage Irrigué après CIVE hiver";"4";"Assolia";"MIS"
"1664";"Pois protéagineux de printemps";"57";"Chambre d'agriculture 28";"PHI"
"1665";"Prairie Temporaire 5 ans";"57";"Chambre d'agriculture 28";"PPH"
"1666";"Autre Assolé";"57";"Chambre d'agriculture 28";"PPH"
"1667";"Pois chiche";"37";"Terrena Bio";"PCH"
"1668";"Blé tendre d'hiver sous panneaux";"57";"Chambre d'agriculture 28";"BTH"
"1669";"Orge d'hiver sous panneaux";"57";"Chambre d'agriculture 28";"ORH"
"1670";"Colza sous panneaux";"57";"Chambre d'agriculture 28";"CZH"
"1671";"Pois protéagineux d'hiver sous panneaux";"57";"Chambre d'agriculture 28";"PHI"
"1672";"Orge de printemps sous panneaux";"57";"Chambre d'agriculture 28";"ORP"
"1674";"Blé dur d'hiver sous panneaux";"57";"Chambre d'agriculture 28";"BDH"
"1675";"Pavot";"57";"Chambre d'agriculture 28";"OEI"
"1676";"Blé tendre porte graine";"37";"Terrena Bio";"BTH"
"1677";"Triticale d'hiver porte graine";"37";"Terrena Bio";"TTH"
"1678";"Chia irrigué";"37";"Terrena Bio";"CAG"
"1680";"Pois de prtps Orge de prtps";"37";"Terrena Bio";"PPR"
"1681";"Orge Pois de prtps";"37";"Terrena Bio";"ORP"
"1682";"Avoine printemps";"22";"Noriap";"AVH"
"1683";"Feverole hiver";"22";"Noriap";"FVL"
"1684";"Avoine contrat flocons";"22";"Noriap";"AVH"
"1685";"Blé tendre HY";"22";"Noriap";"BTH"
"1686";"Pomme de terre indus NRP";"22";"Noriap";"PTC"
"1687";"Feverole contrat NRP";"22";"Noriap";"FVL"
"1691";"Blé dur d'hiver";"58";"Cavac";"BDH"
"1692";"Blé tendre d'hiver";"58";"Cavac";"BTH"
"1693";"Colza d'hiver";"58";"Cavac";"CZH"
"1694";"Féverole d'hiver";"58";"Cavac";"FVL"
"1695";"Féverole de printemps";"58";"Cavac";"FVP"
"1696";"Jachère";"58";"Cavac";"JAC"
"1697";"Luzerne";"58";"Cavac";"LUZ"
"1698";"Maïs ensilage";"58";"Cavac";"MIS"
"1699";"Orge d'hiver";"58";"Cavac";"ORH"
"1700";"Pois protéagineux d'hiver";"58";"Cavac";"PHI"
"1701";"Pois protéagineux de printemps";"58";"Cavac";"PPR"
"1702";"Prairie permanente";"58";"Cavac";"PPH"
"1703";"Prairie temporaire";"58";"Cavac";"PTR"
"1704";"Seigle d'hiver";"58";"Cavac";"SGH"
"1705";"Soja";"58";"Cavac";"SOJ"
"1706";"Sorgho";"58";"Cavac";"SOG"
"1707";"Tournesol";"58";"Cavac";"TRN"
"1708";"Triticale d'hiver";"58";"Cavac";"TTH"
"1709";"Maïs ensilage Irrigué après RGI";"4";"Assolia";"MIS"
"1710";"Maïs ensilage Irrigué après méteil";"4";"Assolia";"MIS"
"1711";"Luzerne";"59";"esa";"LUZ"
"1712";"Prairie multi-espèce";"59";"esa";"CPL"
"1713";"Pois - triticale";"59";"esa";"PHI"
"1715";"Pois - orge prtp";"59";"esa";"PHI"
"1716";"Blé tendre d'hiver";"59";"esa";"BTH"
"1717";"Triticale";"59";"esa";"BTH"
"1718";"épeautre";"59";"esa";"BTH"
"1719";"Orge prtp1";"59";"esa";"BTH"
"1720";"Tournesol";"59";"esa";"TRN"
"1721";"Prairie temporaire 1 an";"53";"Eureden";"PTR"
"1722";"Luzerne";"53";"Eureden";"PTR"
"1723";"Luzerne 4 an";"53";"Eureden";"PTR"
"1724";"Maïs fourrage après méteil";"53";"Eureden";"MIS"
"1725";"Maïs fourrage après RGI";"53";"Eureden";"MIS"
"1726";"Epinard Maïs";"53";"Eureden";"MIS"
"1727";"Pomme de terre plant";"53";"Eureden";"PTC"
"1729";"Epeautre bio";"41";"STRUCTURE TEST NE PAS TOUCHER";"EPE"
"1730";"Ail bio";"41";"STRUCTURE TEST NE PAS TOUCHER";"AIL"
"1731";"Avoine de floconnerie";"53";"Eureden";"AVP"
"1732";"Avoine fourragère";"53";"Eureden";"AVH"
"1733";"Blé fourrager d'hiver";"53";"Eureden";"BTH"
"1734";"Blé fourrager de printemps";"53";"Eureden";"BTH"
"1735";"Blé meunier d'hiver";"53";"Eureden";"BTH"
"1736";"Blé meunier de printemps";"53";"Eureden";"BTH"
"1739";"Lin";"53";"Eureden";"LIP"
"1740";"Maïs";"53";"Eureden";"MIS"
"1744";"Seigle meunier";"53";"Eureden";"SGH"
"1745";"Méteil grain binaire";"53";"Eureden";"MLG"
"1746";"Haricot";"53";"Eureden";"PHF"
"1747";"Pois";"53";"Eureden";"PHF"
"1748";"Prairie permanente BIO";"42";"Assolia Direct";"PPH"
"1749";"Prairie temporaire de 5 ans ou moins et autre mélange avec graminées BIO";"42";"Assolia Direct";"PTR"
"1750";"Jachère terre arable BIO";"42";"Assolia Direct";"JAC"
"1751";"Persil semence";"42";"Assolia Direct";"PSL"
"1752";"Lotier semence";"42";"Assolia Direct";"LOT"
"1753";"Luzerne semence";"42";"Assolia Direct";"LUZ"
"1755";"CIVE RG - Maïs ensilage";"56";"Valotech";"MIS"
"1757";"Blé tendre d'hiver - CIVE été";"56";"Valotech";"BTH"
"1758";"Orge d'hiver - CIVE été";"56";"Valotech";"BTH"
"1759";"CIVE SVT - Maïs ensilage";"56";"Valotech";"MIS"
"1760";"CIVE SVT - Maïs ensilage tardif";"56";"Valotech";"MIS"
"1761";"CIVE RG";"56";"Valotech";"PTR"
"1763";"Maïs dry";"42";"Assolia Direct";"MIS"
"1764";"Maïs ensilage sec";"42";"Assolia Direct";"MIS"
"1769";"Brocoli - Epinard";"53";"Eureden";"CHU"
"1770";"Maïs ensilage après RGI";"42";"Assolia Direct";"MIS"
"1771";"Courgette";"53";"Eureden";"CCN"
"1772";"Céleri branche";"53";"Eureden";"CEL"
"1773";"Betterave rouge";"53";"Eureden";"BTN"
"1774";"Potiron";"53";"Eureden";"POT"
"1775";"Pois de conserve - Brocoli";"53";"Eureden";"PPR"
"1776";"Navet - Blé tendre";"53";"Eureden";"NVT"
"1777";"Brocoli - Chou-fleur";"53";"Eureden";"CHU"
"1778";"Epeautre";"53";"Eureden";"EPE"
"1779";"Brocoli - Brocoli";"53";"Eureden";"CHU"
"1780";"Ceréales dérobé eté";"26";"Euralis";"BTH"
"1781";"Meteil - maïs ensilage";"26";"Euralis";"MIS"
"1782";"Maïs waxy";"26";"Euralis";"MIS"
"1783";"Maïs Irrigué ensilage";"26";"Euralis";"MIS"
"1784";"Maïs ensilage";"26";"Euralis";"MIS"
"1785";"Autre assolée";"60";"GRCETA 27";""
"1786";"Betterave";"60";"GRCETA 27";"BTN"
"1787";"Blé tendre d'hiver";"60";"GRCETA 27";"BTH"
"1788";"Blé de blé";"60";"GRCETA 27";"BTH"
"1789";"Colza alimentaire";"60";"GRCETA 27";"CZH"
"1790";"Colza d'hiver érucique";"60";"GRCETA 27";"CZH"
"1791";"Orge d'hiver";"60";"GRCETA 27";"ORH"
"1792";"Féverole de printemps";"60";"GRCETA 27";"FVP"
"1793";"Jachère";"60";"GRCETA 27";"JAC"
"1794";"Lin fibre de printemps";"60";"GRCETA 27";"LIF"
"1795";"Lin fibre d'hiver";"60";"GRCETA 27";"LIF"
"1796";"Lin graine de printemps";"60";"GRCETA 27";"LIF"
"1797";"Orge de printemps";"60";"GRCETA 27";"ORP"
"1799";"Orge de printemps sémée Automne";"60";"GRCETA 27";"ORH"
"1800";"Maïs grain";"60";"GRCETA 27";"MIS"
"1801";"Maïs ensilage";"60";"GRCETA 27";"MIS"
"1802";"Pois protéagineux printemps";"60";"GRCETA 27";"PPR"
"1803";"Pois protéagineux hiver";"60";"GRCETA 27";"PHI"
"1804";"Pomme de terre";"60";"GRCETA 27";"PTC"
"1805";"Tournesol";"60";"GRCETA 27";"TRN"
"1806";"Prairie temporaire";"60";"GRCETA 27";"PTR"
"1807";"Prairie permanente";"60";"GRCETA 27";"PPH"
"1809";"Avoine blanche flocon";"60";"GRCETA 27";"AVH"
"1810";"Avoine fourragère";"60";"GRCETA 27";"AVH"
"1811";"Blé fourrager";"60";"GRCETA 27";"BTH"
"1812";"Blé meunier d'hiver";"60";"GRCETA 27";"BTH"
"1813";"Colza d'hiver";"60";"GRCETA 27";"CZH"
"1814";"Engrain";"60";"GRCETA 27";"EPE"
"1815";"Epeautres hybride";"60";"GRCETA 27";"EPE"
"1816";"Epeautres non hybride";"60";"GRCETA 27";"EPE"
"1818";"Féverole";"60";"GRCETA 27";"FVL"
"1819";"Lentille verte";"60";"GRCETA 27";"FVL"
"1820";"Luzerne foin";"60";"GRCETA 27";"FVL"
"1821";"Luzerne UCDV";"60";"GRCETA 27";"FVL"
"1822";"Lin brun ou lin doré";"60";"GRCETA 27";"LIF"
"1823";"Lin fibres de printemps";"60";"GRCETA 27";"LIF"
"1824";"Maïs";"60";"GRCETA 27";"MIS"
"1825";"Méteil Blé fourrager Féverole";"60";"GRCETA 27";""
"1826";"Méteil Orge Pois protéagineux";"60";"GRCETA 27";""
"1827";"Méteil Seigle fourrager Lentille";"60";"GRCETA 27";""
"1828";"Méteil Triticale Pois fourrager";"60";"GRCETA 27";""
"1829";"Orge de printemps brassicole";"60";"GRCETA 27";"ORP"
"1830";"Orge d'hiver ou OP fourragère";"60";"GRCETA 27";"ORH"
"1831";"Pois chiche";"60";"GRCETA 27";"PCH"
"1832";"Pois protéagineux classiques";"60";"GRCETA 27";""
"1833";"Quinoa";"60";"GRCETA 27";"CAG"
"1834";"Sarrasin";"60";"GRCETA 27";"SRS"
"1835";"Seigle en fourrager";"60";"GRCETA 27";"SGH"
"1836";"Seigle en meunier";"60";"GRCETA 27";"SGH"
"1837";"Soja";"60";"GRCETA 27";"SOJ"
"1838";"Triticale fourrager";"60";"GRCETA 27";"TTH"
"1839";"Blé meunier de printemps";"60";"GRCETA 27";"BTP"
"1841";"Mélange de leg-gram fourragère";"56";"Valotech";"MLG"
"1842";"Autre Assolée";"26";"Euralis";""
"1843";"Blé tendre d'hiver";"61";"FDGEDA";"BTH"
"1844";"Orge d'hiver brassicole";"61";"FDGEDA";"ORH"
"1845";"Colza";"61";"FDGEDA";"CZH"
"1846";"Tournesol";"61";"FDGEDA";"TRN"
"1847";"Lentille";"61";"FDGEDA";"LEC"
"1848";"Pois chiche";"61";"FDGEDA";"PCH"
"1849";"Maïs grain sec";"61";"FDGEDA";"MIS"
"1850";"Pois protéagineux d'hiver";"61";"FDGEDA";"PHI"
"1851";"Lin oléagineux d'hiver";"61";"FDGEDA";"LIH"
"1852";"Quinoa";"61";"FDGEDA";"CAG"
"1854";"Méteil";"61";"FDGEDA";"MLG"
"1855";"Luzerne";"61";"FDGEDA";"LUZ"
"1856";"Féverole d'hiver";"61";"FDGEDA";"FVL"
"1857";"Prairie temporaire";"61";"FDGEDA";"PTR"
"1858";"Prairie permanente";"61";"FDGEDA";"PPH"
"1861";"Lin oléagineux de printemps";"61";"FDGEDA";"LIP"
"1862";"OP brassicole";"61";"FDGEDA";"ORP"
"1863";"Pois protéagineux de printemps";"61";"FDGEDA";"PPR"
"1865";"Autre Assolé";"61";"FDGEDA";""
"1868";"Féverole - Maïs bien irrigué";"3";"Arterris";"MIS"
"1870";"Orge H - Soja alimentaire";"3";"Arterris";"SOJ"
"1871";"Millet";"61";"FDGEDA";"MLT"
"1872";"Blé dur d'hiver";"61";"FDGEDA";"BDH"
"1873";"Maïs sec";"3";"Arterris";"MIS"
"1875";"Ail";"34";"structureTest NicMo";"AIL"
"1876";"Blé dur d'hiver";"34";"structureTest NicMo";"BDH"
"1877";"test";"34";"structureTest NicMo";""
"1878";"test copie";"34";"structureTest NicMo";""
"1879";"Avoine hiver";"61";"FDGEDA";"AVH"
"1880";"Féverole de printemps";"61";"FDGEDA";"FVP"
"1881";"OP fourragère";"61";"FDGEDA";"ORP"
"1883";"Seigle d'hiver";"61";"FDGEDA";"SGH"
"1884";"Trèfle";"61";"FDGEDA";"TRE"
"1885";"Triticale d'hiver";"61";"FDGEDA";"TTH"
"1886";"Coriandre";"61";"FDGEDA";"AAR"
"1887";"Maïs ensilage";"61";"FDGEDA";"MIS"
"1888";"Maïs grain irrigué";"61";"FDGEDA";"MIS"
"1889";"Orge d'hiver fourragère";"61";"FDGEDA";"ORH"
"1891";"Soja";"61";"FDGEDA";"SOJ"
"1892";"Sorgho";"61";"FDGEDA";"SOG"
"1894";"Riz";"3";"Arterris";"RIZ"
"1895";"Pomme de terre irrigation";"60";"GRCETA 27";"PTC"
"1896";"Lin graine d'hiver";"60";"GRCETA 27";"LIH"
"1897";"Blé dur d'hiver";"60";"GRCETA 27";"BDH"
"1899";"Autre Assolé";"62";"Veolia Agriculture";""
"1901";"Betterave";"62";"Veolia Agriculture";"BTN"
"1902";"Blé tendre d'hiver";"62";"Veolia Agriculture";"BTH"
"1903";"Colza";"62";"Veolia Agriculture";"CZH"
"1904";"Féverole d'hiver";"62";"Veolia Agriculture";"FVL"
"1905";"Féverole de printemps";"62";"Veolia Agriculture";"FVP"
"1906";"Jachère";"62";"Veolia Agriculture";"JAC"
"1908";"Lin oléagineux de printemps";"62";"Veolia Agriculture";"LIP"
"1911";"Luzerne";"62";"Veolia Agriculture";"LUZ"
"1912";"Maïs grain";"62";"Veolia Agriculture";"MIS"
"1914";"Orge d'hiver";"62";"Veolia Agriculture";"ORH"
"1915";"Orge de printemps";"62";"Veolia Agriculture";"ORP"
"1916";"Pois protéagineux d'hiver";"62";"Veolia Agriculture";"PHI"
"1917";"Pois protéagineux de printemps";"62";"Veolia Agriculture";"PPR"
"1918";"Pomme de terre";"62";"Veolia Agriculture";"PTC"
"1919";"Prairie permanente";"62";"Veolia Agriculture";"PPH"
"1920";"Prairie temporaire";"62";"Veolia Agriculture";"PTR"
"1922";"Soja";"62";"Veolia Agriculture";"SOJ"
"1923";"Sorgho";"62";"Veolia Agriculture";"SOG"
"1924";"Tournesol";"62";"Veolia Agriculture";"TRN"
"1925";"Triticale d'hiver";"62";"Veolia Agriculture";"TTH"
"1926";"Blé tendre d'hiver - CIVE été SF";"62";"Veolia Agriculture";"BTH"
"1927";"Orge d'hiver - CIVE été SF";"62";"Veolia Agriculture";"ORH"
"1928";"Maïs ensilage";"62";"Veolia Agriculture";"MIS"
"1929";"CIVE hiver SVT - Maïs ensilage";"62";"Veolia Agriculture";"MIS"
"1931";"CIVE hiver RG5 - Maïs ensilage";"62";"Veolia Agriculture";"MIS"
"1933";"Jachère (terre arable)";"61";"FDGEDA";"JAC"
"1934";"Fétuque élevée";"61";"FDGEDA";"PAG"
"1935";"Blé tendre d'hiver";"63";"Chambre d'agriculture Normandie";"BTH"
"1936";"Avoine d'hiver";"63";"Chambre d'agriculture Normandie";"AVH"
"1937";"Autre Assolé";"63";"Chambre d'agriculture Normandie";""
"1938";"Colza";"63";"Chambre d'agriculture Normandie";"CZH"
"1939";"Féverole d'hiver";"63";"Chambre d'agriculture Normandie";"FVL"
"1940";"Jachère";"63";"Chambre d'agriculture Normandie";"JAC"
"1941";"Lin oléagineux d'hiver";"63";"Chambre d'agriculture Normandie";"LIH"
"1942";"Luzerne";"63";"Chambre d'agriculture Normandie";"LUZ"
"1943";"Maïs grain";"63";"Chambre d'agriculture Normandie";"MIS"
"1944";"Orge d'hiver";"63";"Chambre d'agriculture Normandie";"ORH"
"1945";"Pois protéagineux d'hiver";"63";"Chambre d'agriculture Normandie";"PHI"
"1946";"Prairie permanente";"63";"Chambre d'agriculture Normandie";"PPH"
"1947";"Prairie temporaire";"63";"Chambre d'agriculture Normandie";"PTR"
"1948";"Seigle d'hiver";"63";"Chambre d'agriculture Normandie";"SGH"
"1949";"Triticale d'hiver";"63";"Chambre d'agriculture Normandie";"TTH"
"1950";"Féverole de printemps";"63";"Chambre d'agriculture Normandie";"FVP"
"1951";"Lin oléagineux de printemps";"63";"Chambre d'agriculture Normandie";"LIP"
"1952";"Maïs ensilage";"63";"Chambre d'agriculture Normandie";"MIS"
"1953";"Orge de printemps";"63";"Chambre d'agriculture Normandie";"ORP"
"1954";"Pois protéagineux de printemps";"63";"Chambre d'agriculture Normandie";"PPR"
"1955";"Betterave";"63";"Chambre d'agriculture Normandie";"BTN"
"1956";"Pomme de terre";"63";"Chambre d'agriculture Normandie";"PTC"
"1957";"toto";"38";"TEST_DEV_PIERRE";""
"1958";"Durum wheat (winter)";"65";"Roumanie";"BDH"
"1959";"Alfalfa";"65";"Roumanie";"LUZ"
"1960";"Rapeseed";"65";"Roumanie";"CZH"
"1961";"Peas (spring)";"65";"Roumanie";"PPR"
"1962";"Soybean";"65";"Roumanie";"SOJ"
"1963";"Barley (winter)";"65";"Roumanie";"ORH"
"1964";"Potato";"65";"Roumanie";"PTC"
"1965";"Grain maize";"65";"Roumanie";"MIS"
"1966";"Cabbage";"65";"Roumanie";"CHU"
"1967";"Eggplant";"65";"Roumanie";"PVP"
"1968";"Lupine";"65";"Roumanie";"LDH"
"1969";"Onion";"65";"Roumanie";"OIG"
"1970";"Pumpkin";"65";"Roumanie";"POT"
"1971";"Rye";"65";"Roumanie";"SGH"
"1972";"Sorghum";"65";"Roumanie";"SOG"
"1973";"Oat (winter)";"65";"Roumanie";"AVH"
"1974";"Soft wheat (winter)";"65";"Roumanie";"BTH"
"1975";"Barley (spring)";"65";"Roumanie";"ORP"
"1976";"Oat spring";"65";"Roumanie";"AVP"
"1977";"Sweet maize";"65";"Roumanie";"MID"
"1978";"Sunflower";"65";"Roumanie";"TRN"
"1979";"Clover";"65";"Roumanie";"TRE"
"1980";"Chickpea";"65";"Roumanie";"PCH"
"1981";"Lentil";"65";"Roumanie";"LEC"
"1982";"Sugar beet";"65";"Roumanie";"BTN"
"1983";"Hemp (fiber)";"65";"Roumanie";"CHV"
"1984";"Tomato (field)";"65";"Roumanie";"TOM"
"1985";"Bell pepper";"65";"Roumanie";"PVP"
"1986";"Watermelon and melon";"65";"Roumanie";"MLO"
"1987";"Beans (dry)";"65";"Roumanie";"PHS"
"1988";"Tournesol";"63";"Chambre d'agriculture Normandie";"TRN"
"1989";"Blé tendre d'hiver - CIVE été SF irrigué";"62";"Veolia Agriculture";"BTH"
"1990";"Orge prtp3";"59";"esa";"BTH"
"1991";"Orge prtp2";"59";"esa";"BTH"
"1992";"Orge prtp1 copie";"59";"esa";"BTH"
"1993";"Blé tendre d'hiver";"67";"Chambre d'agriculture 21";"BTH"
"1994";"Cameline";"67";"Chambre d'agriculture 21";"CML"
"1995";"Colza";"67";"Chambre d'agriculture 21";"CZH"
"1996";"Epeautre";"67";"Chambre d'agriculture 21";"EPE"
"1997";"Féverole d'hiver";"67";"Chambre d'agriculture 21";"FVL"
"1998";"Luzerne";"67";"Chambre d'agriculture 21";"LUZ"
"1999";"Maïs grain";"67";"Chambre d'agriculture 21";"MIS"
"2000";"Maïs ensilage";"67";"Chambre d'agriculture 21";"MIS"
"2001";"Moutarde d'hiver";"67";"Chambre d'agriculture 21";"MOT"
"2002";"Orge d'hiver";"67";"Chambre d'agriculture 21";"ORH"
"2003";"Pois protéagineux d'hiver";"67";"Chambre d'agriculture 21";"PHI"
"2004";"Prairie permanente";"67";"Chambre d'agriculture 21";"PPH"
"2005";"Prairie temporaire";"67";"Chambre d'agriculture 21";"PTR"
"2006";"Sarrasin";"67";"Chambre d'agriculture 21";"SRS"
"2007";"Seigle d'hiver";"67";"Chambre d'agriculture 21";"SGH"
"2008";"Soja";"67";"Chambre d'agriculture 21";"SOJ"
"2009";"Tournesol";"67";"Chambre d'agriculture 21";"TRN"
"2010";"Triticale d'hiver";"67";"Chambre d'agriculture 21";"TTH"
"2011";"Orge de printemps";"67";"Chambre d'agriculture 21";"ORP"
"2012";"Féverole de printemps";"67";"Chambre d'agriculture 21";"FVP"
"2013";"Pois protéagineux de printemps";"67";"Chambre d'agriculture 21";"PPR"
"2014";"CIVE seigle - Maïs ensilage";"67";"Chambre d'agriculture 21";"MIS"
"2015";"Avoine d'hiver";"67";"Chambre d'agriculture 21";"AVH"
"2016";"Autre assolé";"67";"Chambre d'agriculture 21";""
"2017";"Avoine de printemps";"63";"Chambre d'agriculture Normandie";"AVP"
"2018";"Lin fibres";"63";"Chambre d'agriculture Normandie";"LIF"
"2019";"Jachère (terre arable)";"67";"Chambre d'agriculture 21";"JAC"
"2020";"Féverole - CIVE Maïs ensilage";"62";"Veolia Agriculture";"FVL"
"2021";"CIVE hiver SVT - Maïs grain";"62";"Veolia Agriculture";"MIS"
"2023";"Pois et haricot de conserve";"62";"Veolia Agriculture";"PHF"
"2024";"Épinard, oseille et bette";"62";"Veolia Agriculture";"EPI"
"2025";"Oignon et échalote";"62";"Veolia Agriculture";"OIG"
"2026";"CIVE hiver SVT - Tournesol";"62";"Veolia Agriculture";"TRN"
"2027";"Blé tendre d'hiver";"68";"Cerfrance 49";"BTH"
"2028";"Colza";"68";"Cerfrance 49";"CZH"
"2029";"Féverole d'hiver";"68";"Cerfrance 49";"FVL"
"2030";"Féverole de printemps";"68";"Cerfrance 49";"FVP"
"2031";"Jachère";"68";"Cerfrance 49";"JAC"
"2032";"Luzerne";"68";"Cerfrance 49";"LUZ"
"2033";"Maïs grain";"68";"Cerfrance 49";"MIS"
"2034";"Maïs ensilage";"68";"Cerfrance 49";"MIS"
"2035";"Orge d'hiver";"68";"Cerfrance 49";"ORH"
"2036";"Pois protéagineux d'hiver";"68";"Cerfrance 49";"PHI"
"2037";"Pois protéagineux de printemps";"68";"Cerfrance 49";"PPR"
"2038";"Prairie temporaire";"68";"Cerfrance 49";"PTR"
"2039";"Prairie permanente";"68";"Cerfrance 49";"PPH"
"2040";"Sorgho";"68";"Cerfrance 49";"SOG"
"2041";"Tournesol";"68";"Cerfrance 49";"TRN"
"2042";"Triticale d'hiver";"68";"Cerfrance 49";"TTH"
"2043";"Autre Assolé";"68";"Cerfrance 49";""
"2044";"Seigle d'hiver";"68";"Cerfrance 49";"SGH"
"2045";"Sarrasin";"68";"Cerfrance 49";"SRS"
"2046";"Millet";"68";"Cerfrance 49";"MLT"
"2047";"Orge de printemps";"68";"Cerfrance 49";"ORP"
"2048";"Maïs semense irrigué";"26";"Euralis";"MIS"
"2049";"Maïs semence";"68";"Cerfrance 49";"MIS"
"2050";"Colza trefle nain";"63";"Chambre d'agriculture Normandie";"CZH"
"2051";"Trèfle";"60";"GRCETA 27";"TRE"
"2052";"Petit Epeautre";"37";"Terrena Bio";"EPE"
"2053";"Autre Assolé";"69";"Cerfrance 53-72";""
"2054";"Blé tendre d'hiver";"69";"Cerfrance 53-72";"BTH"
"2055";"Colza";"69";"Cerfrance 53-72";"CZH"
"2056";"Féverole d'hiver";"69";"Cerfrance 53-72";"FVL"
"2057";"Féverole de printemps";"69";"Cerfrance 53-72";"FVP"
"2058";"Jachère";"69";"Cerfrance 53-72";"JAC"
"2059";"Luzerne";"69";"Cerfrance 53-72";"LUZ"
"2060";"Maïs grain";"69";"Cerfrance 53-72";"MIS"
"2061";"Maïs ensilage";"69";"Cerfrance 53-72";"MIS"
"2062";"Millet";"69";"Cerfrance 53-72";"MLT"
"2063";"Orge d'hiver";"69";"Cerfrance 53-72";"ORH"
"2064";"Orge de printemps";"69";"Cerfrance 53-72";"ORP"
"2065";"Pois protéagineux d'hiver";"69";"Cerfrance 53-72";"PHI"
"2066";"Pois protéagineux de printemps";"69";"Cerfrance 53-72";"PPR"
"2067";"Prairie permanente";"69";"Cerfrance 53-72";"PPH"
"2068";"Prairie temporaire";"69";"Cerfrance 53-72";"PTR"
"2069";"Seigle d'hiver";"69";"Cerfrance 53-72";"SGH"
"2070";"Sorgho";"69";"Cerfrance 53-72";"SOG"
"2071";"Tournesol";"69";"Cerfrance 53-72";"TRN"
"2072";"Triticale d'hiver";"69";"Cerfrance 53-72";"TTH"
"2073";"Autre Assolé";"70";"Rives et eaux";""
"2074";"Avoine d'hiver";"70";"Rives et eaux";"AVH"
"2075";"Blé tendre d'hiver";"70";"Rives et eaux";"BTH"
"2076";"Blé dur d'hiver";"70";"Rives et eaux";"BDH"
"2077";"Colza";"70";"Rives et eaux";"CZH"
"2078";"Fèverole d'hiver";"70";"Rives et eaux";"FVL"
"2079";"Jachère";"70";"Rives et eaux";"JAC"
"2080";"Luzerne";"70";"Rives et eaux";"LUZ"
"2081";"Maïs doux irrigué";"70";"Rives et eaux";"MID"
"2082";"Maïs grain";"70";"Rives et eaux";"MIS"
"2083";"Maïs ensilage";"70";"Rives et eaux";"MIS"
"2084";"Maïs semence irrigué";"70";"Rives et eaux";"MIS"
"2085";"Orge d'hiver";"70";"Rives et eaux";"ORH"
"2086";"Orge de printemps";"70";"Rives et eaux";"ORP"
"2087";"Pois chiche";"70";"Rives et eaux";"PCH"
"2088";"Prairie permanente";"70";"Rives et eaux";"PPH"
"2089";"Prairie temporaire";"70";"Rives et eaux";"PTR"
"2090";"Seigle d'hiver";"70";"Rives et eaux";"SGH"
"2091";"Soja";"70";"Rives et eaux";"SOJ"
"2092";"Sorgho";"70";"Rives et eaux";"SOG"
"2093";"Tournesol";"70";"Rives et eaux";"TRN"
"2094";"Maïs ensilage irrigué";"70";"Rives et eaux";"MIS"
"2095";"Maïs grain irrigué";"70";"Rives et eaux";"MIS"
"2096";"Soja irrigué";"70";"Rives et eaux";"SOJ"
"2097";"Sorgho irrigué";"70";"Rives et eaux";"SOG"
"2098";"Pois protéagineux d'hiver";"70";"Rives et eaux";"PHI"
"2099";"Trèfle";"63";"Chambre d'agriculture Normandie";"TRE"
"2100";"Lotier, minette";"63";"Chambre d'agriculture Normandie";"LOT"
"2101";"Maïs grain";"58";"Cavac";"MIS"
"2102";"Maïs semence";"58";"Cavac";"MIS"
"2103";"Autre Assolé";"58";"Cavac";""
"2104";"Chanvre";"58";"Cavac";"CHV"
"2105";"Lentille";"58";"Cavac";"LEC"
"2106";"Haricot frais";"58";"Cavac";"PHF"
"2107";"Haricot secs";"58";"Cavac";"PHS"
"2108";"Pomme de terre";"58";"Cavac";"PTC"
"2109";"Sarrasin";"58";"Cavac";"SRS"
"2110";"Moha";"58";"Cavac";"MOH"
"2111";"Epeautre";"58";"Cavac";"EPE"
"2112";"Lin non textile de printemps";"58";"Cavac";"LIP"
"2113";"Cameline";"58";"Cavac";"CML"
"2115";"Blé de force";"58";"Cavac";"BTH"
"2116";"Maïs grain irrigué";"58";"Cavac";"MIS"
"2117";"Pois chiche";"58";"Cavac";"LEC"
"2118";"Chanvre";"63";"Chambre d'agriculture Normandie";"CHV"
"2119";"Maïs grain humide";"63";"Chambre d'agriculture Normandie";"MIS"
"2120";"Betterave copie";"63";"Chambre d'agriculture Normandie";"BTN"
"2121";"Seigle Maïs En";"63";"Chambre d'agriculture Normandie";"MIS"
"2122";"Trèfle";"67";"Chambre d'agriculture 21";"TRE"
"2123";"Salsifi";"63";"Chambre d'agriculture Normandie";""
"2124";"Meteil Maïs E";"63";"Chambre d'agriculture Normandie";"MIS"
"2125";"Sarrasin";"63";"Chambre d'agriculture Normandie";"TTH"
"2126";"Jachère";"53";"Eureden";"JAC"
"2127";"vide";"37";"Terrena Bio";""
"2128";"Meteil grain";"69";"Cerfrance 53-72";"CPL"
"2129";"Maïs ensilage RGI";"69";"Cerfrance 53-72";"MIS"
"2130";"Prairie temporaire RGI Trefle";"69";"Cerfrance 53-72";"PTR"
"2131";"Arable other crop";"65";"Roumanie";""
"2132";"lin";"69";"Cerfrance 53-72";""
"2133";"Maïs ensilage Meteil";"69";"Cerfrance 53-72";"MIS"
