GEN_BOTANIC;DENUMIRE_CULTURA;COD;Traduction;ASSOLIA;SCHEMA_PLATA_MASURA_SPRIJIN;SECTIUNE;Colonne1
Triticum;GRÂU COMUN de toamn?;101;Blé tendre d'hiver;Soft wheat (winter);SAPS, ANT1, M10_P4, P4, M10_P7, P7, M11_S1_P1, M11_S2_P1, P5.1;I. TEREN ARABIL – TA;
Triticum;GRÂU COMUN de prim?var?;1010;Blé tendre de printemps;Arable other crop;SAPS, ANT1, M10_P4, P4, M11_S1_P1, M11_S2_P1, P5.1;I. TEREN ARABIL – TA;
Triticum;GRÂU DUR de toamn?;102;Blé dur d'hiver;Durum wheat (winter);SAPS, ANT1, M10_P4, P4, M10_P7, P7, M11_S1_P1, M11_S2_P1, P5.1;I. TEREN ARABIL – TA;
Triticum;GRÂU DUR de prim?var?;1020;Blé dur de printemps;Arable other crop;SAPS, ANT1, M10_P4, P4, M11_S1_P1, M11_S2_P1, P5.1;I. TEREN ARABIL – TA;
Triticosecale;TRITICALE de toamn?;103;Triticale d'hiver;Arable other crop;SAPS, ANT1, M10_P4, P4, M10_P7, P7, M11_S1_P1, M11_S2_P1, P5.1;I. TEREN ARABIL – TA;
Triticosecale;TRITICALE de prim?var?;1030;Triticale de printemps;Arable other crop;SAPS, ANT1, M10_P4, P4, M11_S1_P1, M11_S2_P1, P5.1;I. TEREN ARABIL – TA;
Secale;SECAR? de toamn?;104;Seigle d'hiver;Rye;SAPS, ANT1, M10_P4, P4, M10_P7, P7, M11_S1_P1, M11_S2_P1, P5.1;I. TEREN ARABIL – TA;
Secale;SECAR? de prim?var?;1040;Seigle de printemps;Arable other crop;SAPS, ANT1, M10_P4, P4, M11_S1_P1, M11_S2_P1, P5.1;I. TEREN ARABIL – TA;
Hordeum;ORZ de toamn?;105;Orge d'hiver;Barley (winter);SAPS, ANT1, M10_P4, P4, M10_P7, P7, M11_S1_P1, M11_S2_P1, P5.1;I. TEREN ARABIL – TA;
Hordeum;ORZ de prim?var?;1050;Orge de printemps;Barley (spring);SAPS, ANT1, M10_P4, P4, M11_S1_P1, M11_S2_P1, P5.1;I. TEREN ARABIL – TA;
Hordeum;ORZOAIC? de toamn?;106;Orge de brasserie d'hiver;Arable other crop;SAPS, ANT1, M10_P4, P4, M11_S1_P1, M11_S2_P1, P5.1;I. TEREN ARABIL – TA;
Hordeum;ORZOAIC? de prim?var?;1060;Orge de brasserie de printemps;Arable other crop;SAPS, ANT1, M10_P4, P4, M11_S1_P1, M11_S2_P1, P5.1;I. TEREN ARABIL – TA;
Avena;OV?Z de toamn?;107;Avoine d'hiver;Oat (winter);SAPS, ANT1, M10_P4, P4, M11_S1_P1, M11_S2_P1, P5.1;I. TEREN ARABIL – TA;
Avena;OV?Z de prim?var?;1070;Avoine de printemps;Oat spring;SAPS, ANT1, M10_P4, P4, M11_S1_P1, M11_S2_P1, P5.1;I. TEREN ARABIL – TA;
Zea;PORUMB;108;Maïs;Grain maize;SAPS, ANT1, M10_P4, P4, M10_P7, P7, M11_S1_P1, M11_S2_P1, P5.1;I. TEREN ARABIL – TA;
Zea;PORUMB ZAHARAT;109;Maïs doux;Sweet maize;SAPS, ANT1, M10_P4, P4, M10_P7, P7, M11_S1_P1, M11_S2_P1, P5.1;I. TEREN ARABIL – TA;
Sorghum;SORG;110;Sorgho;Sorghum;SAPS, ANT1, M10_P4, P4, M11_S1_P1, M11_S2_P1, P5.1;I. TEREN ARABIL – TA;
Zea;PORUMB-HIBRID/SOI TIMPURIU;115;Maïs précoce;Grain maize;SAPS, ANT1, M10_P4, P4, M10_P5, M10_P7, P7, M11_S1_P1, M11_S2_P1, P5.1;I. TEREN ARABIL – TA;
Zea;PORUMB-HIBRID/SOI SEMI-TIMPURIU;116;Maïs semi précoce;Grain maize;SAPS, ANT1, M10_P4, P4, M10_P5, M10_P7, P7, M11_S1_P1, M11_S2_P1, P5.1;I. TEREN ARABIL – TA;
Zea;PORUMB-HIBRID/SOI TARDIV;117;Maïs tardif;Grain maize;SAPS, ANT1, M10_P4, P4, M10_P5, M10_P7, P7, M11_S1_P1, M11_S2_P1, P5.1;I. TEREN ARABIL – TA;
Zea;PORUMB-HIBRID/SOI SEMITARDIV;118;Maïs semi tardif;Grain maize;SAPS, ANT1, M10_P4, P4, M10_P5, M10_P7, P7, M11_S1_P1, M11_S2_P1, P5.1;I. TEREN ARABIL – TA;
Zea;PORUMB SILOZ;131;Maïs ensilage;Arable other crop;SAPS, ANT1, M10_P4, P4, M10_P7, P7, M11_S1_P1, M11_S2_P1, P5.1;I. TEREN ARABIL – TA;
Sorghum;SORG-HIBRID/SOI TIMPURIU;119;Sorgho précoce;Sorghum;SAPS, ANT1, M10_P4, P4, M10_P5, M11_S1_P1, M11_S2_P1, P5.1;I. TEREN ARABIL – TA;
Sorghum;SORG-HIBRID/SOI SEMITIMPURIU;120;Sorgho semi précoce;Sorghum;SAPS, ANT1, M10_P4, P4, M10_P5, M11_S1_P1, M11_S2_P1, P5.1;I. TEREN ARABIL – TA;
Sorghum;SORG-HIBRID/SOI TARDIV;121;Sorgho tardif;Sorghum;SAPS, ANT1, M10_P4, P4, M10_P5, M11_S1_P1, M11_S2_P1, P5.1;I. TEREN ARABIL – TA;
Sorghum;SORG-HIBRID/SOI SEMITARDIV;122;Sorgho semi tardif;Sorghum;SAPS, ANT1, M10_P4, P4, M10_P5, M11_S1_P1, M11_S2_P1, P5.1;I. TEREN ARABIL – TA;
Helianthus;FLOAREA SOARELUI HIBRID/SOI TIMPURIU;123;Tournesol précoce;Sunflower;SAPS, ANT1, M10_P4, P4, M10_P5, M11_S1_P1, M11_S2_P1, P5.1;I. TEREN ARABIL – TA;
Helianthus;FLOAREA SOARELUI HIBRID/SOI SEMI TIMPURIU;124;Tournesol semi précoce;Sunflower;SAPS, ANT1, M10_P4, P4, M10_P5, M11_S1_P1, M11_S2_P1, P5.1;I. TEREN ARABIL – TA;
Helianthus;FLOAREA SOARELUI HIBRID/SOI TARDIV;125;Tournesol tardif;Sunflower;SAPS, ANT1, M10_P4, P4, M10_P5, M11_S1_P1, M11_S2_P1, P5.1;I. TEREN ARABIL – TA;
Helianthus;FLOAREA SOARELUI HIBRID/SOI SEMI-TARDIV;126;Tournesol semi tardif;Sunflower;SAPS, ANT1, M10_P4, P4, M10_P5, M11_S1_P1, M11_S2_P1, P5.1;I. TEREN ARABIL – TA;
Glycine;SOIA-HIBRID/SOI TIMPURIU;127;Soja précoce;Soybean;SAPS, ANT1, M10_P4, P4, M10_P5, M11_S1_P1, M11_S2_P1, P5.1;I. TEREN ARABIL – TA;
Glycine;SOIA-HIBRID/SOI SEMITIMPURIU;128;Soja semi précoce;Soybean;SAPS, ANT1, M10_P4, P4, M10_P5, M11_S1_P1, M11_S2_P1, P5.1;I. TEREN ARABIL – TA;
Glycine;SOIA-HIBRID/SOI TARDIV;129;Soja tardif;Soybean;SAPS, ANT1, M10_P4, P4, M10_P5, M11_S1_P1, M11_S2_P1, P5.1;I. TEREN ARABIL – TA;
Glycine;SOIA-HIBRID/SOI SEMITARDIV;130;Soja semi tardif;Soybean;SAPS, ANT1, M10_P4, P4, M10_P5, M11_S1_P1, M11_S2_P1, P5.1;I. TEREN ARABIL – TA;
Oryza;OREZ;111;Riz;Arable other crop;SAPS, ANT1, M11_S1_P1, M11_S2_P1, P5.1;I. TEREN ARABIL – TA;
Oryza;OREZ;1117;Riz;Arable other crop;SAPS, ANT1, SC7.6, M11_S1_P1, M11_S2_P1, P5.1;I. TEREN ARABIL – TA;
Panicum;MEI;112;Millet;Arable other crop;SAPS, ANT1, M10_P4, P4, M11_S1_P1, M11_S2_P1, P5.1;I. TEREN ARABIL – TA;
Fagopyrum;HRI?CA;113;Sarrasin;Arable other crop;SAPS, ANT1, M10_P4, P4, M11_S1_P1, M11_S2_P1, P5.1;I. TEREN ARABIL – TA;
;ALTE CEREALE PENTRU BOABE;114;Autres céréales à grains;Arable other crop;SAPS, ANT1, M10_P4, P4, M11_S1_P1, M11_S2_P1, P5.1;I. TEREN ARABIL – TA;
Pisum;MAZ?RE BOABE;151;Pois;Peas (spring);SAPS, ANT1, M10_P4, P4, M11_S1_P1, M11_S2_P1, P5.1;I. TEREN ARABIL – TA;
Pisum;MAZ?RE BOABE INDUSTRIALIZARE;1517;Pois industriel;Arable other crop;SAPS, ANT1, SC7.3, M10_P4, P4, M11_S1_P1, M11_S2_P1, P5.1;I. TEREN ARABIL – TA;
Phaseolus;FASOLE BOABE;152;Haricots;Beans (dry);SAPS, ANT1, M10_P4, P4, M11_S1_P1, M11_S2_P1, P5.1;I. TEREN ARABIL – TA;
Phaseolus;FASOLE BOABE INDUSTRIALIZARE;1527;Haricots industriel;Arable other crop;SAPS, ANT1, SC7.4, M10_P4, P4, M11_S1_P1, M11_S2_P1, P5.1;I. TEREN ARABIL – TA;
Lens;LINTE;153;Lentille;Lentil;SAPS, ANT1, M10_P4, P4, M11_S1_P1, M11_S2_P1, P5.1;I. TEREN ARABIL – TA;
Vicia;BOB;154;Fèverole;Arable other crop;SAPS, ANT1, M10_P4, P4, M11_S1_P1, M11_S2_P1, P5.1;I. TEREN ARABIL – TA;
Lupinus;LUPIN;155;Lupin;Lupine;SAPS, ANT1, M10_P4, P4, M11_S1_P1, M11_S2_P1, P5.1;I. TEREN ARABIL – TA;
Vigna;FASOLI??;156;Cornille;Arable other crop;SAPS, ANT1, M10_P4, P4, M11_S1_P1, M11_S2_P1, P5.1;I. TEREN ARABIL – TA;
Cicer;NAUT;157;Pois chiche;Chickpea;SAPS, ANT1, M10_P4, P4, M11_S1_P1, M11_S2_P1, P5.1;I. TEREN ARABIL – TA;
Vicia;M?Z?RICHE DE TOAMN?;158;Vesce d'hiver;Arable other crop;SAPS, ANT1, M10_P4, P4, M11_S1_P1, M11_S2_P1, P5.1;I. TEREN ARABIL – TA;
Pisum;MAZ?RE FURAJER? DE TOAMN?;159;Pois fourrager d'hiver;Arable other crop;SAPS, ANT1, M10_P4, P4, M11_S1_P1, M11_S2_P1, P5.1;I. TEREN ARABIL – TA;
;ALTE LEGUMINOASE PENTRU BOABE;160;Autres légumineuses à grains;Arable other crop;SAPS, ANT1, M10_P4, P4, M11_S1_P1, M11_S2_P1, P5.1;I. TEREN ARABIL – TA;
Helianthus;FLOAREA SOARELUI;201;Tournesol;Sunflower;SAPS, ANT1, M10_P4, P4, M11_S1_P1, M11_S2_P1, P5.1;I. TEREN ARABIL – TA;
Brassica;RAPI?? de toamn?;202;Colza d'hiver;Rapeseed;SAPS, ANT1, M10_P4, P4, M10_P7, P7, M11_S1_P1, M11_S2_P1, P5.1;I. TEREN ARABIL – TA;
Brassica;RAPI?? de prim?var?;2020;Colza de printemps;Arable other crop;SAPS, ANT1, M10_P4, P4, M11_S1_P1, M11_S2_P1, P5.1;I. TEREN ARABIL – TA;
Glycine;SOIA;203;Soja;Soybean;SAPS, ANT1, M10_P4, P4, M11_S1_P1, M11_S2_P1, P5.1;I. TEREN ARABIL – TA;
Glycine;SOIA;2037;Soja;Soybean;SAPS, ANT1, SC7.1, M10_P4, P4, M11_S1_P1, M11_S2_P1, P5.1;I. TEREN ARABIL – TA;
Linum;IN PENTRU ULEI;204;Lin oléagineux;Arable other crop;SAPS, ANT1, M10_P4, P4, M11_S1_P1, M11_S2_P1, P5.1;I. TEREN ARABIL – TA;
;ALTE OLEAGINOASE;205;Autres oléagineux;Arable other crop;SAPS, ANT1, M10_P4, P4, M11_S1_P1, M11_S2_P1, P5.1;I. TEREN ARABIL – TA;
Linum;IN PENTRU FIBR?;206;Lin textile;Arable other crop;SAPS, ANT1, ANT2, M10_P4, P4, M11_S1_P1, M11_S2_P1, P5.1;I. TEREN ARABIL – TA;
Cannabis;CÂNEP? PENTRU FIBR?;207;Chanvre fibre;Hemp (fiber);SAPS, ANT1, ANT3, M10_P4, P4, M11_S1_P1, M11_S2_P1, P5.1;I. TEREN ARABIL – TA;
Cannabis;CÂNEP? PENTRU FIBR?;2077;Chanvre fibre;Hemp (fiber);SAPS, ANT1, ANT3, SC7.5, M10_P4, P4, M11_S1_P1, M11_S2_P1, P5.1;I. TEREN ARABIL – TA;
Nicotiana;TUTUN;208;Tabac;Arable other crop;SAPS, ANT1, ANT4, M10_P4, P4, M11_S1_P1, M11_S2_P1, P5.1;I. TEREN ARABIL – TA;
Foeniculum;FENICUL;209;Fenouil;Arable other crop;SAPS, ANT1, M10_P4, P4, M11_S1_P5, M11_S2_P5, P5.5;I. TEREN ARABIL – TA;
Lavandula;LEV?N?ICA;210;Lavande;Arable other crop;SAPS, ANT1, M10_P4, P4, M11_S1_P5, M11_S2_P5, P5.5;I. TEREN ARABIL – TA;
Mentha;MENTA;211;Menthe;Arable other crop;SAPS, ANT1, M10_P4, P4, M11_S1_P5, M11_S2_P5, P5.5;I. TEREN ARABIL – TA;
Pimpinella;ANASON;212;Anis;Arable other crop;SAPS, ANT1, M10_P4, P4, M11_S1_P5, M11_S2_P5, P5.5;I. TEREN ARABIL – TA;
;ALTE PLANTE MEDICINALE ?I AROMATICE (anuale);213;Autres plantes médicinales et aromatiques (annuel);Arable other crop;SAPS, ANT1, M10_P4, P4, M11_S1_P5, M11_S2_P5, P5.5;I. TEREN ARABIL – TA;
;ALTE PLANTE MEDICINALE ?I AROMATICE (perene);2013;Autres plantes médicinales et aromatiques (pérenne);Arable other crop;SAPS, ANT1, M11_S1_P5, M11_S2_P5, P5.5;I. TEREN ARABIL – TA;
;ALTE PLANTE INDUSTRIALE;214;Autres plantes industriel;Arable other crop;SAPS, ANT1, M10_P4, P4, M11_S1_P1, M11_S2_P1, P5.1;I. TEREN ARABIL – TA;
Arachis;ARAHIDE;215;Arachide;Arable other crop;SAPS, ANT1, M10_P4, P4, M11_S1_P1, M11_S2_P1, P5.1;I. TEREN ARABIL – TA;
Papaver;MAC;216;Pavot;Arable other crop;SAPS, ANT1, M10_P4, P4, M11_S1_P1, M11_S2_P1, P5.1;I. TEREN ARABIL – TA;
Ricinus;RICIN;217;Ricin;Arable other crop;SAPS, ANT1, M10_P4, P4, M11_S1_P1, M11_S2_P1, P5.1;I. TEREN ARABIL – TA;
Sesanum;SUSAN;218;Sésame;Arable other crop;SAPS, ANT1, M10_P4, P4, M11_S1_P1, M11_S2_P1, P5.1;I. TEREN ARABIL – TA;
Carthamus;?OFR?NELUL;219;Carthame;Arable other crop;SAPS, ANT1, M10_P4, P4, M11_S1_P1, M11_S2_P1, P5.1;I. TEREN ARABIL – TA;
Cannabis;CÂNEP? PENTRU ULEI;220;Chanvre oléagineux;Arable other crop;SAPS, ANT1, M10_P4, P4, M11_S1_P1, M11_S2_P1, P5.1;I. TEREN ARABIL – TA;
Cannabis;CÂNEP? PENTRU ULEI;2207;Chanvre oléagineux;Arable other crop;SAPS, ANT1, SC7.5, M10_P4, P4, M11_S1_P1, M11_S2_P1, P5.1;I. TEREN ARABIL – TA;
Solanum;CARTOFI TIMPURII;251;Pommes de terre primeurs;Potato;SAPS, ANT1, M10_P4, P4, M11_S1_P2, M11_S2_P2, P5.2;I. TEREN ARABIL – TA;
Solanum;CARTOFI TIMPURII PENTRU INDUSTRIALIZARE;2517;Pommes de terre primeurs industriel;Potato;SAPS, ANT1, SC7.18, M10_P4, P4, M11_S1_P2, M11_S2_P2, P5.2;I. TEREN ARABIL – TA;
Solanum;CARTOFI TÂRZII;253;Pommes de terre tardive;Potato;SAPS, ANT1, M10_P4, P4, M11_S1_P2, M11_S2_P2, P5.2;I. TEREN ARABIL – TA;
Solanum;ALTE CULTURI DE CARTOFI;254;Autres pommes de terre;Potato;SAPS, ANT1, M10_P4, P4, M11_S1_P2, M11_S2_P2, P5.2;I. TEREN ARABIL – TA;
Solanum;CARTOFI PENTRU S?MÂN??;255;Pommes de terre semence;Arable other crop;SAPS, ANT1, M10_P4, P4, M11_S1_P2, M11_S2_P2, P5.2;I. TEREN ARABIL – TA;
Solanum;CARTOFI PENTRU S?MÂN??;2557;Pommes de terre semence;Arable other crop;SAPS, ANT1, SC7.7, M10_P4, P4, M11_S1_P2, M11_S2_P2, P5.2;I. TEREN ARABIL – TA;
Beta;SFECL? DE ZAH?R;301;Betterave sucrière;Sugar beet;SAPS, ANT1, ANT6, M10_P4, P4, M11_S1_P1, M11_S2_P1, P5.1;I. TEREN ARABIL – TA;
Beta;SFECL? DE ZAH?R;3017;Betterave sucrière;Sugar beet;SAPS, ANT1, ANT6, SC7.9, M10_P4, P4, M11_S1_P1, M11_S2_P1, P5.1;I. TEREN ARABIL – TA;
Beta;SFECL? FURAJER?;302;Betterave fourragère;Arable other crop;SAPS, ANT1, M10_P4, P4, M11_S1_P1, M11_S2_P1, P5.1;I. TEREN ARABIL – TA;
;LEGUME PROASPETE anuale;351;Légumes frais annuel;Arable other crop;SAPS, ANT1, M10_P4, P4, M11_S1_P2, M11_S2_P2, P5.2;I. TEREN ARABIL – TA;
;LEGUME PROASPETE perene;3510;Légumes frais péren;Arable other crop;SAPS, ANT1, M10_P4, P4, M11_S1_P2, M11_S2_P2, P5.2;I. TEREN ARABIL – TA;
Citrullus;PEPENI VERZI ?I GALBENI;352;Pastèques vertes et jaunes;Watermelon and melon;SAPS, ANT1, M10_P4, P4, M11_S1_P2, M11_S2_P2, P5.2;I. TEREN ARABIL – TA;
Solanum;TOMATE;353;Tomate;Tomato (field);SAPS, ANT1, M10_P4, P4, M11_S1_P2, M11_S2_P2, P5.2;I. TEREN ARABIL – TA;
Solanum;TOMATE CÂMP - INDUSTRIALIZARE;3537;Tomate industriel de plein champs;Tomato (field);SAPS, ANT1, SC7.10, M10_P4, P4, M11_S1_P2, M11_S2_P2, P5.2;I. TEREN ARABIL – TA;
Cucumis;CASTRAVE?I;354;Concombres;Arable other crop;SAPS, ANT1, M10_P4, P4, M11_S1_P2, M11_S2_P2, P5.2;I. TEREN ARABIL – TA;
Cucumis;CASTRAVE?I CÂMP - INDUSTRIALIZARE;3547;Concombre industriel de plein champs;;SAPS, ANT1, SC7.11, M10_P4, P4, M11_S1_P2, M11_S2_P2, P5.2;I. TEREN ARABIL – TA;
Solanum;TOMATE SOLARII;359;Tomate sous serre;Arable other crop;SAPS, ANT1, SC7.13.1, M11_S1_P2, M11_S2_P2, P5.2;I. TEREN ARABIL – TA;
Cucumis;CASTRAVETI SOLARII;360;Concombre sous serre;Arable other crop;SAPS, ANT1, SC7.13.2, M11_S1_P2, M11_S2_P2, P5.2;I. TEREN ARABIL – TA;
Capsicum;ARDEI SOLARII;361;Poivron sous serre;Arable other crop;SAPS, ANT1, SC7.13.3, M11_S1_P2, M11_S2_P2, P5.2;I. TEREN ARABIL – TA;
Brassica;VARZA SOLARII;362;Chou sous serre;Arable other crop;SAPS, ANT1, SC7.13.4, M11_S1_P2, M11_S2_P2, P5.2;I. TEREN ARABIL – TA;
Solanum;VINETE SOLARII;363;Aubergine sous serre;Arable other crop;SAPS, ANT1, SC7.13.5, M11_S1_P2, M11_S2_P2, P5.2;I. TEREN ARABIL – TA;
Solanum;TOMATE SERE;355;Tomate sous serre chauffé;Arable other crop;SAPS, ANT1, SC7.12.1, M11_S1_P2, M11_S2_P2, P5.2;I. TEREN ARABIL – TA;
Cucumis;CASTRAVE?I SERE;356;Concombre sous serre chauffé;Arable other crop;SAPS, ANT1, SC7.12.2, M11_S1_P2, M11_S2_P2, P5.2;I. TEREN ARABIL – TA;
Capsicum;ARDEI SERE;357;Poivron sous serre chauffé;Arable other crop;SAPS, ANT1, SC7.12.3, M11_S1_P2, M11_S2_P2, P5.2;I. TEREN ARABIL – TA;
Brassica;VARZ? SERE;358;Chou sous serre chauffé;Arable other crop;SAPS, ANT1, SC7.12.4, M11_S1_P2, M11_S2_P2, P5.2;I. TEREN ARABIL – TA;
;FLORI ?I PLANTE ORNAMENTALE;400;Fleurs et plantes ornementales;Arable other crop;SAPS, ANT1, M10_P4, P4;I. TEREN ARABIL – TA;
;FLORI SI PLANTE ORNAMENTALE IN SERE;401;Fleurs et plantes ornementales sous serre chauffé;Arable other crop;SAPS, ANT1;I. TEREN ARABIL – TA;
;PAJI?TI TEMPORARE;450;Prairie temporaire;Arable other crop;SAPS, ANT1;I. TEREN ARABIL – TA;
;PLANTE DE NUTRE? (anuale);451;Plantes fourragère (annuel);Arable other crop;SAPS, ANT1, M10_P4, P4, M11_S1_P1, M11_S2_P1, P5.1;I. TEREN ARABIL – TA;
;MU?TAR + OV?Z;460;Moutarde + Avoine;Arable other crop;;I. TEREN ARABIL – TA (Culturi verzi);
;MU?TAR + PHACELIA;461;Moutarde + Phacélie;Arable other crop;;I. TEREN ARABIL – TA (Culturi verzi);
;MU?TAR + RAPI??;462;Moutarde + Colza;Arable other crop;;I. TEREN ARABIL – TA (Culturi verzi);
;LATIR + M?Z?RICHE DE TOAMN?;463;Gesse + Vesce d'hiver;Arable other crop;;I. TEREN ARABIL – TA (Culturi verzi);
;LATIR + OV?Z;464;Gesse + Avoine;Arable other crop;;I. TEREN ARABIL – TA (Culturi verzi);
;MAZ?RE + OV?Z;465;Pois + Avoine;Arable other crop;;I. TEREN ARABIL – TA (Culturi verzi);
;M?Z?RICHE DE TOAMN? + OV?Z;466;Vesce d'hiver + Avoine;Arable other crop;;I. TEREN ARABIL – TA (Culturi verzi);
;M?Z?RICHE DE TOAMN? + SECAR?;467;Vesce d'hiver + Seigle;Arable other crop;;I. TEREN ARABIL – TA (Culturi verzi);
;M?Z?RICHE DE TOAMN? + TRITICALE;468;Vesce d'hiver + Triticale;Arable other crop;;I. TEREN ARABIL – TA (Culturi verzi);
;LUPIN + TRIFOI;469;Lupin + Trèfle;Arable other crop;;I. TEREN ARABIL – TA (Culturi verzi);
;RAPI?? + TRITICALE;470;Colza + Triticale;Arable other crop;;I. TEREN ARABIL – TA (Culturi verzi);
;RAPI?? + SECAR?;471;Colza + Seigle;Arable other crop;;I. TEREN ARABIL – TA (Culturi verzi);
;LOT SEMINCER pentru culturi anuale;500;Semences pour annuelles;Arable other crop;SAPS, ANT1, M10_P4, P4, M11_S1_P1, M11_S2_P1, M11_S1_P2, M11_S2_P2, M11_S1_P5, M11_S2_P5, P5.1/P5.2/P5.5;I. TEREN ARABIL – TA;
;LOT SEMINCER pentru culturi perene;501;Semences pour pérennes;Arable other crop;SAPS, ANT1, M11_S1_P1, M11_S2_P1, M11_S1_P2, M11_S2_P2, M11_S1_P5, M11_S2_P5, P5.1/P5.2/P5.5;I. TEREN ARABIL – TA;
;ALTE CULTURI ÎN TEREN ARABIL (anuale);550;Autres cultures en terre arable (annuel);Arable other crop;SAPS, ANT1, M10_P4, P4, M11_S1_P1, M11_S2_P1, M11_S1_P2, M11_S2_P2, P5.1, P5.2;I. TEREN ARABIL – TA;
;ALTE CULTURI ÎN TEREN ARABIL (perene);551;Autres cultures en terre arable (pérenne);Arable other crop;SAPS, ANT1, M11_S1_P1, M11_S2_P1, M11_S1_P2, M11_S2_P2, P5.1, P5.2;I. TEREN ARABIL – TA;
;TEREN NECULTIVAT;970;Terre non arable;Arable other crop;SAPS, M10_P4, P4;I. TEREN ARABIL – TA;
;TEREN SUB SERE ?I SOLARII - CULTIVAT;971;Terre cultivé sous serre;Arable other crop;SAPS, ANT1, M11_S1_P2, M11_S2_P2, P5.2;I. TEREN ARABIL – TA;
;TEREN SUB SERE ?I SOLARII - NECULTIVAT;972;Terre non cultivé sous serre;Arable other crop;SAPS;I. TEREN ARABIL – TA;
Trifolium;TRIFOI;973;Trèfle;Clover;SAPS, ANT1, M11_S1_P1, M11_S2_P1, P5.1;I. TEREN ARABIL – TA;
Medicago;LUCERN?;974;Luzerne;Alfalfa;SAPS, ANT1, M11_S1_P1, M11_S2_P1, P5.1;I. TEREN ARABIL – TA;
Medicago;LUCERN?;9747;Luzerne;Alfalfa;SAPS, ANT1, SC7.2, M11_S1_P1, M11_S2_P1, P5.1;I. TEREN ARABIL – TA;
Medicago;LUCERN?;9748;Luzerne;Alfalfa;SAPS, ANT1, SC7.2, M11_S1_P1, M11_S2_P1, P5.1;I. TEREN ARABIL – TA;
Medicago;LUCERN? PENTRU S?MÂN??;9749;Luzerne semence;Arable other crop;SAPS, ANT1, SC7.2, M11_S1_P1, M11_S2_P1, P5.1;I. TEREN ARABIL – TA;
Onobrychis;SPARCET?;975;Sainfoin;Arable other crop;SAPS, ANT1, M11_S1_P1, M11_S2_P1, P5.1;I. TEREN ARABIL – TA;
Phacelia;PHACELIA;976;Phacélie;Arable other crop;SAPS, ANT1, M10_P4, P4, M11_S1_P1, M11_S2_P1, P5.1;I. TEREN ARABIL – TA;
Sinapis;MU?TAR;977;Moutarde;Arable other crop;SAPS, ANT1, M10_P4, P4, M11_S1_P1, M11_S2_P1, P5.1;I. TEREN ARABIL – TA;
Lotus;GHIZDEI;978;Lotier corniculé;Arable other crop;SAPS, ANT1, M11_S1_P1, M11_S2_P1, P5.1;I. TEREN ARABIL – TA;
Agaricus;CIUPERCI;979;Champignon;;;I. TEREN ARABIL – TA;
Fragaria;C?P?UNI;803;Fraise;Arable other crop;SAPS, ANT1, M11_S1_P1, M11_S2_P1, P5.1;I. TEREN ARABIL – TA;
Cichorium;CICOARE;805;Chicorée;Arable other crop;SAPS, ANT1, M10_P4, P4, M11_S1_P5, M11_S2_P5, P5.5;I. TEREN ARABIL – TA;
Brassica;RAPI?? ENERGETIC?;9540;Colza énergie;Arable other crop;SAPS, ANT1, M10_P4, P4, M10_P7, P7;I. TEREN ARABIL – TA (Culturi energetice);
Zea;PORUMB ENERGETIC;9541;Maïs énergie;Arable other crop;SAPS, ANT1, M10_P4, P4, M10_P7, P7;I. TEREN ARABIL – TA (Culturi energetice);
Sorghum;SORG ZAHARAT ENERGETIC;9542;Sorgho saccharate énergie;Arable other crop;SAPS, ANT1, M10_P4, P4;I. TEREN ARABIL – TA (Culturi energetice);
Sorghum;SORG X SUDAN ENERGETIC;9543;Sorgho et herbe soudan énergie;Arable other crop;SAPS, ANT1, M10_P4, P4;I. TEREN ARABIL – TA (Culturi energetice);
Cynara;ANGHINARE ENERGETIC?;9544;Artichauts énergie;Arable other crop;SAPS, ANT1, M10_P4, P4;I. TEREN ARABIL – TA (Culturi energetice);
Panicum;MEI ENERGETIC;9545;Millet énergie;Arable other crop;SAPS, ANT1, M10_P4, P4;I. TEREN ARABIL – TA (Culturi energetice);
Euphorbia;LAPTELE-CÂINELUI ENERGETIC;9546;Epurge énergie;Arable other crop;SAPS, ANT1;I. TEREN ARABIL – TA (Culturi energetice);
Elytrigia;IARBA ENERGETIC?;9547;Herbe énergie;Arable other crop;SAPS, ANT1;I. TEREN ARABIL – TA (Culturi energetice);
Triticosecale;TRITICALE ENERGETIC?;9548;Triticale énergie;Arable other crop;SAPS, ANT1, M10_P4, P4, M10_P7, P7;I. TEREN ARABIL – TA (Culturi energetice);
Secale;SECAR? ENERGETIC?;9549;Seigle énergie;Arable other crop;SAPS, ANT1, M10_P4, P4, M10_P7, P7;I. TEREN ARABIL – TA (Culturi energetice);
Sorghum;SORG ENERGETIC;9550;Sorgho énergie;Arable other crop;SAPS, ANT1, M10_P4, P4;I. TEREN ARABIL – TA (Culturi energetice);
Beta;SFECL? FURAJER? ENERGETIC?;9551;Betterave alimentaire énergie;Arable other crop;SAPS, ANT1, M10_P4, P4;I. TEREN ARABIL – TA (Culturi energetice);
Beta;SFECL? DE ZAH?R ENERGETIC?;9552;Betterave sucrière énergie;Arable other crop;SAPS, ANT1, M10_P4, P4;I. TEREN ARABIL – TA (Culturi energetice);
Trifolium;TRIFOI RO?U ENERGETIC;9553;Trèfle rouge énergie;Arable other crop;SAPS, ANT1;I. TEREN ARABIL – TA (Culturi energetice);
Trifolium;TRIFOI ALB ENERGETIC;9554;Trèfle blanc énergie;Arable other crop;SAPS, ANT1;I. TEREN ARABIL – TA (Culturi energetice);
Camelina;CAMELIN? ENERGETIC?;9555;Cameline énergie;Arable other crop;SAPS, ANT1;I. TEREN ARABIL – TA (Culturi energetice);
Medicago;LUCERN? ENERGETIC?;9556;Luzerne énergie;Arable other crop;SAPS, ANT1;I. TEREN ARABIL – TA (Culturi energetice);
Lolium;RAIGRAS PEREN ENERGETIC;9557;Ray grass péren énergie;Arable other crop;SAPS, ANT1;I. TEREN ARABIL – TA (Culturi energetice);
Sorghum;IARB? DE SUDAN ENERGETIC?;9558;Sorgho du soudan énergie;Arable other crop;SAPS, ANT1;I. TEREN ARABIL – TA (Culturi energetice);
Lupinus;LUPIN ENERGETIC;9559;Lupin énergie;Arable other crop;SAPS, ANT1, M10_P4, P4;I. TEREN ARABIL – TA (Culturi energetice);
Phacelia;PHACELIA ENERGETIC?;9560;Phacélie énergie;Arable other crop;SAPS, ANT1, M10_P4, P4;I. TEREN ARABIL – TA (Culturi energetice);
;PAJI?TI PERMANENTE COMUNALE UTILIZATE ÎN COMUN;603;Prairie permanente communale utilisée conjointement;Arable other crop;SAPS, P1, P1.2, M10_P1, M10_P3.1.1, M10_P3.1.2, P3.1, M10_P3.2.1, M10_P3.2.2, P3.2, M10_P6.1, M10_P6.2, P6;II. PAJI?TE PERMANENT? – PP;
;PAJI?TI PERMANENTE UTILIZATE ÎN COMUN;604;Prairie permanente utilisée conjointement;Arable other crop;SAPS, P1, P1.2, M10_P1, M10_P3.1.1, M10_P3.1.2, P3.1, M10_P3.2.1, M10_P3.2.2, P3.2, M10_P6.1, M10_P6.2, P6;II. PAJI?TE PERMANENT? – PP;
;PAJI?TI PERMANENTE COMUNALE UTILIZATE INDIVIDUAL;605;Prairie permanente communautaire utilisée individuellement;Arable other crop;SAPS, P1, P1.2, M10_P1, M10_P3.1.1, M10_P3.1.2, P3.1, M10_P3.2.1, M10_P3.2.2, P3.2, M10_P6.1, M10_P6.2, P6, M11_S1_P6.1, M11_S2_P6.1, M11_S1_P6.2, M11_S2_P6.2;II. PAJI?TE PERMANENT? – PP;
;PAJI?TI PERMANENTE UTILIZATE INDIVIDUAL;606;Prairie permanente utilisée individuellement;Arable other crop;SAPS, P1, P1.2, M10_P1, M10_P3.1.1, M10_P3.1.2, P3.1, M10_P3.2.1, M10_P3.2.2, P3.2, M10_P6.1, M10_P6.2, P6, M11_S1_P6.1, M11_S2_P6.1, M11_S1_P6.2, M11_S2_P6.2;II. PAJI?TE PERMANENT? – PP;
;FÂNE?E UTILIZATE INDIVIDUAL;607;Foin utilisé individuellement;Arable other crop;SAPS, P1, P1.2, M10_P1, M10_P1.2.1, M10_P1.2.2, M10_P3.1.1, M10_P3.1.2, P3.1, M10_P3.2.1, M10_P3.2.2, P3.2, P6, M10_P6.1, M10_P6.2, M11_S1_P6.1, M11_S2_P6.1, M11_S1_P6.2, M11_S2_P6.2;II. PAJI?TE PERMANENT? – PP;
;FÂNE?E COMUNALE UTILIZATE INDIVIDUAL;608;Foin communale utilisé individuel;Arable other crop;SAPS, P1, P1.2, M10_P1, M10_P1.2.1, M10_P1.2.2, M10_P3.1.1, M10_P3.1.2, P3.1, M10_P3.2.1, M10_P3.2.2, P3.2, P6, M10_P6.1, M10_P6.2, M11_S1_P6.1, M11_S2_P6.1, M11_S1_P6.2, M11_S2_P6.2;II. PAJI?TE PERMANENT? – PP;
;LIVAD? TRADI?IONAL? UTILIZAT? EXTENSIV PRIN P??UNAT ?I/SAU COSIT;660;Verger traditionnel extensif pour le pâturage ou tonte;Arable other crop;SAPS, P1, P1.2, M10_P1;II. PAJI?TE PERMANENT? – PP;
;LIVAD? TRADI?IONAL? UTILIZAT? EXTENSIV CA FÂNEAT??;661;Verger traditionnel extensif pour le foin;Arable other crop;SAPS, P1, P1.2, M10_P1, M10_P1.2.1, M10_P1.2.2, P1.2;II. PAJI?TE PERMANENT? – PP;
;FÂNE?E NATURALE ENERGETICE;662;Foin naturel énergie;Arable other crop;SAPS;II. PAJI?TE PERMANENT? – PP;
Malus;MERI;651;Pommier;;SAPS, M11_S1_P3, M11_S2_P3, P5.3;III. CULTURI PERMANENTE – CP;
Malus;MERI INDUSTRIALIZARE;6517;Pommier industriel;;SAPS, SC7.15, M11_S1_P3, M11_S2_P3, P5.3;III. CULTURI PERMANENTE – CP;
Pyrus;PERI;652;Poirier;;SAPS, M11_S1_P3, M11_S2_P3, P5.3;III. CULTURI PERMANENTE – CP;
Prunus;PRUNI;653;Prunier;;SAPS, M11_S1_P3, M11_S2_P3, P5.3;III. CULTURI PERMANENTE – CP;
Prunus;PRUNI INDUSTRIALIZARE;6537;Prunier industriel;;SAPS, SC7.14, M11_S1_P3, M11_S2_P3, P5.3;III. CULTURI PERMANENTE – CP;
Prunus;CAI?I ?I ZARZ?RI;654;Abricoter;;SAPS, M11_S1_P3, M11_S2_P3, P5.3;III. CULTURI PERMANENTE – CP;
Prunus;CAI?I ?I ZARZ?RI - INDUSTRIALIZARE;6547;Abricotier industriel;;SAPS, SC7.17, M11_S1_P3, M11_S2_P3, P5.3;III. CULTURI PERMANENTE – CP;
Prunus;PIERSICI;655;Pêchier;;SAPS, M11_S1_P3, M11_S2_P3, P5.3;III. CULTURI PERMANENTE – CP;
Prunus;CIRE?I ?I VI?INI;656;Cerisier;;SAPS, M11_S1_P3, M11_S2_P3, P5.3;III. CULTURI PERMANENTE – CP;
Prunus;CIRE?I ?I VI?INI - INDUSTRIALIZARE;6567;Cerisier industriel;;SAPS, SC7.16, M11_S1_P3, M11_S2_P3, P5.3;III. CULTURI PERMANENTE – CP;
Cydonia;GUTUI;657;Cognassier;;SAPS, M11_S1_P3, M11_S2_P3, P5.3;III. CULTURI PERMANENTE – CP;
Morus;DUZI;658;Mûrier;;SAPS, M11_S1_P3, M11_S2_P3, P5.3;III. CULTURI PERMANENTE – CP;
;AL?I POMI FRUCTIFERI;659;Autres arbres fruitiers;;SAPS, M11_S1_P3, M11_S2_P3, P5.3;III. CULTURI PERMANENTE – CP;
Castanea;CASTANI;701;Châtaigniers;;SAPS, M11_S1_P3, M11_S2_P3, P5.3;III. CULTURI PERMANENTE – CP;
Juglans, Corylus;NUCI ?I ALUNI;702;Noix et noisettes;;SAPS, M11_S1_P3, M11_S2_P3, P5.3;III. CULTURI PERMANENTE – CP;
;ALTE SPECII;703;Autres espèces;;SAPS, M11_S1_P3, M11_S2_P3, P5.3;III. CULTURI PERMANENTE – CP;
;LIVEZI TINERE NEINTRATE PE ROD;704;Jeune verger non productif;;SAPS, M11_S1_P3, M11_S2_P3, P5.3;III. CULTURI PERMANENTE – CP;
Humulus;HAMEI;750;Houblon;;SAPS, ANT5, M11_S1_P3, M11_S2_P3, P5.3;III. CULTURI PERMANENTE – CP;
Humulus;HAMEI;7507;Houblon;;SAPS, ANT5, SC7.8, M11_S1_P3, M11_S2_P3, P5.3;III. CULTURI PERMANENTE – CP;
Rubus;ZMEUR;801;Framboise;;SAPS, M11_S1_P3, M11_S2_P3, P5.3;III. CULTURI PERMANENTE – CP;
Ribes;COAC?Z;802;Groseillier;;SAPS, M11_S1_P3, M11_S2_P3, P5.3;III. CULTURI PERMANENTE – CP;
;AL?I ARBU?TI FRUCTIFERI;804;Autres arbustes fruitiers;;SAPS, M11_S1_P3, M11_S2_P3, P5.3;III. CULTURI PERMANENTE – CP;
Vitis;PEPINIERE VITICOLE ?I PLANTA?II PORTALTOI;901;Pépinière de vigne et plantation de porte-greffe;;SAPS, M11_S1_P4, M11_S2_P4, P5.4;III. CULTURI PERMANENTE – CP;
;PEPINIERE POMICOLE;902;Pépinère de pommier;;SAPS, M11_S1_P3, M11_S2_P3, P5.3;III. CULTURI PERMANENTE – CP;
;PEPINIERE FORESTIERE;903;Pépinière forestière;;SAPS;III. CULTURI PERMANENTE – CP;
;ALTE PEPINIERE;904;Autres pépinière;;SAPS;III. CULTURI PERMANENTE – CP;
;TEREN ÎN PREG?TIRE PENTRU LIVEZI;950;Terrain en préparation pour les vergers;;SAPS;III. CULTURI PERMANENTE – CP;
;TEREN ÎN PREG?TIRE PENTRU VII;951;Terrain en préparation pour la viticulture;;SAPS;III. CULTURI PERMANENTE – CP;
;TEREN ÎN PREG?TIRE PENTRU ALTE CULTURI PERMANENTE;952;Terrain en préparation pour d'autres cultures permanentes;;SAPS;III. CULTURI PERMANENTE – CP;
Salix;SALCIE ENERGETIC?;9531;Saule énergie;;SAPS;III. CULTURI PERMANENTE – CP (Culturi energetice);
Miscanthus;IARBA-ELEFANTULUI ENERGETIC?;9532;Miscanthus;Arable other crop;SAPS;III. CULTURI PERMANENTE – CP (Culturi energetice);
Populus;PLOP HIBRID ENERGETIC;9533;Peuplier hybride énergie;;SAPS;III. CULTURI PERMANENTE – CP (Culturi energetice);
Arundo;STUF GIGANT ENERGETIC;9534;Miscanthus giganteus énergie;Arable other crop;SAPS;III. CULTURI PERMANENTE – CP (Culturi energetice);
Helianthus;NAP PORCESC (TOPINAMBUR);9535;Topinambourg;;SAPS;III. CULTURI PERMANENTE – CP (Culturi energetice);
Paulownia;ARBORELE-PRINTESEI ENERGETIC;9536;Paulownia énergie;;SAPS;III. CULTURI PERMANENTE – CP (Culturi energetice);
Jatropha;ARBUST DE PETROL ENERGETIC;9537;Jatropha énergie;;SAPS;III. CULTURI PERMANENTE – CP (Culturi energetice);
Vitis;VII PE ROD CU STRUGURI NOBILI PENTRU VIN;961;Vignes en production de cépages nobles pour le vin;;SAPS, M11_S1_P4, M11_S2_P4, P5.4;III. CULTURI PERMANENTE – CP;
Vitis;VII PE ROD CU STRUGURI DE MAS?;962;Vignes en production pour raisins de table;;SAPS, M11_S1_P4, M11_S2_P4, P5.4;III. CULTURI PERMANENTE – CP;
Vitis;VII TINERE NEINTRATE PE ROD;963;Jeune vigne non productrice;;SAPS, M11_S1_P4, M11_S2_P4, P5.4;III. CULTURI PERMANENTE – CP;
Vitis;VII CU SOIURI HIBRIDE INTERSPECIFICE PENTRU VIN;964;Vignes avec cépages hybrides interspécifiques pour le vin;;SAPS, M11_S1_P4, M11_S2_P4, P5.4;III. CULTURI PERMANENTE – CP;
Vitis;VII ÎNFIIN?ATE PRIN PROGRAMUL RESTRUCTURARE/RECONVERSIE;965;Vignes plantées dans le cadre du programme de restructuration/reconversion;;SAPS, M11_S1_P4, M11_S2_P4, P5.4;III. CULTURI PERMANENTE – CP;
Vitis;SUPRAFA?? DEFRI?AT? PRIN PROGRAMUL DE PRIM? DE DEFRI?ARE;966;Vignes arrachées dans le cadre de prime à l'arrachage;;SAPS;III. CULTURI PERMANENTE – CP;
